200.34,0
200.72,0
201.1,0
201.48,0
201.85,0
202.23,0
202.61,0
202.99,0
203.36,0
203.74,0
204.12,0
204.49,0
204.87,0
205.25,0
205.63,0
206,0
206.38,0
206.76,0
207.14,0
207.51,0
207.89,0
208.27,0
208.64,0
209.02,0
209.4,0
209.77,0
210.15,0
210.53,0
210.9,0
211.28,0
211.66,2.7751E+12
212.03,2.7751E+12
212.41,2.7751E+12
212.79,0
213.16,0
213.54,0
213.92,0
214.29,0
214.67,0
215.05,0
215.42,0
215.8,0
216.17,0
216.55,3.6644E+12
216.93,3.6644E+12
217.3,3.6644E+12
217.68,3.6644E+12
218.05,6.6578E+12
218.43,1.8186E+13
218.81,2.4371E+13
219.18,2.4371E+13
219.56,1.5809E+13
219.93,9.6248E+12
220.31,9.6248E+12
220.69,9.6248E+12
221.06,9.6248E+12
221.44,1.4499E+13
221.81,1.4499E+13
222.19,5.9944E+12
222.56,0
222.94,0
223.32,8.5046E+12
223.69,1.7304E+13
224.07,2.0367E+13
224.44,2.2459E+13
224.82,2.467E+13
225.19,2.467E+13
225.57,2.2459E+13
225.94,2.5582E+13
226.32,2.5582E+13
226.69,2.2459E+13
227.07,2.2459E+13
227.44,2.1347E+13
227.82,2.1347E+13
228.19,1.7879E+13
228.57,1.6784E+13
228.94,1.6784E+13
229.32,1.9817E+13
229.69,1.9817E+13
230.07,1.6162E+13
230.44,2.2876E+13
230.82,2.2876E+13
231.19,2.8679E+13
231.57,2.2876E+13
231.94,2.8679E+13
232.32,3.0975E+13
232.69,3.2803E+13
233.07,3.2772E+13
233.44,3.0975E+13
233.82,3.0975E+13
234.19,3.0975E+13
234.57,3.2127E+13
234.94,3.2336E+13
235.31,3.454E+13
235.69,3.2613E+13
236.06,3.1023E+13
236.44,3.1023E+13
236.81,3.1023E+13
237.19,3.3454E+13
237.56,4.1706E+13
237.93,4.825E+13
238.31,4.825E+13
238.68,4.825E+13
239.06,4.4099E+13
239.43,4.4099E+13
239.81,4.6907E+13
240.18,4.3202E+13
240.55,4.7352E+13
240.93,4.4206E+13
241.3,4.1399E+13
241.67,3.964E+13
242.05,3.964E+13
242.42,3.6281E+13
242.8,3.9709E+13
243.17,4.1468E+13
243.54,4.1468E+13
243.92,4.1468E+13
244.29,3.9709E+13
244.66,3.9709E+13
245.04,3.6043E+13
245.41,3.6043E+13
245.78,3.5664E+13
246.16,3.7975E+13
246.53,3.7975E+13
246.9,3.3866E+13
247.28,3.3866E+13
247.65,3.3866E+13
248.02,3.6448E+13
248.4,3.3866E+13
248.77,3.3612E+13
249.14,3.3612E+13
249.52,3.0385E+13
249.89,3.0385E+13
250.26,3.0385E+13
250.64,3.2437E+13
251.01,3.2437E+13
251.38,3.2437E+13
251.75,2.8635E+13
252.13,3.2437E+13
252.5,3.5868E+13
252.87,3.5868E+13
253.25,3.5868E+13
253.62,3.1766E+13
253.99,3.1766E+13
254.36,2.7356E+13
254.74,2.4499E+13
255.11,2.7356E+13
255.48,3.282E+13
255.85,2.7356E+13
256.23,2.7356E+13
256.6,2.4499E+13
256.97,2.4979E+13
257.34,2.4958E+13
257.71,2.4958E+13
258.09,2.7033E+13
258.46,2.8806E+13
258.83,2.7033E+13
259.2,2.7033E+13
259.58,2.7033E+13
259.95,2.4444E+13
260.32,2.3707E+13
260.69,2.0921E+13
261.06,2.4773E+13
261.44,2.3539E+13
261.81,2.3539E+13
262.18,2.3539E+13
262.55,2.5368E+13
262.92,2.3876E+13
263.29,2.5368E+13
263.67,2.5368E+13
264.04,2.6492E+13
264.41,2.6492E+13
264.78,2.6492E+13
265.15,2.623E+13
265.52,2.623E+13
265.9,2.5219E+13
266.27,2.6342E+13
266.64,2.6342E+13
267.01,2.5205E+13
267.38,2.5864E+13
267.75,2.5864E+13
268.12,2.5864E+13
268.5,2.5864E+13
268.87,2.7499E+13
269.24,2.7499E+13
269.61,2.7499E+13
269.98,2.8588E+13
270.35,2.8588E+13
270.72,2.9838E+13
271.09,3.084E+13
271.46,3.084E+13
271.83,3.2649E+13
272.21,3.3193E+13
272.58,3.084E+13
272.95,3.3133E+13
273.32,3.5071E+13
273.69,3.7657E+13
274.06,3.7657E+13
274.43,3.7657E+13
274.8,3.5071E+13
275.17,3.6562E+13
275.54,3.2863E+13
275.91,3.2863E+13
276.28,3.478E+13
276.65,3.478E+13
277.02,3.6059E+13
277.39,3.2986E+13
277.76,3.6059E+13
278.13,3.6059E+13
278.5,3.6059E+13
278.87,3.4833E+13
279.24,3.6059E+13
279.61,3.7204E+13
279.98,3.8991E+13
280.35,3.8631E+13
280.72,3.662E+13
281.09,3.8631E+13
281.46,3.7894E+13
281.83,3.8081E+13
282.2,3.8631E+13
282.57,3.8631E+13
282.94,3.8631E+13
283.31,3.8631E+13
283.68,4.0434E+13
284.05,4.2264E+13
284.42,4.2771E+13
284.79,4.2807E+13
285.16,4.2807E+13
285.53,4.4413E+13
285.9,4.2807E+13
286.27,4.2807E+13
286.64,4.2264E+13
287.01,4.1468E+13
287.38,4.1468E+13
287.75,4.0144E+13
288.12,3.9436E+13
288.49,3.9113E+13
288.86,3.9474E+13
289.23,3.9474E+13
289.59,3.9821E+13
289.96,4.0539E+13
290.33,4.0909E+13
290.7,4.2149E+13
291.07,4.0909E+13
291.44,4.0909E+13
291.81,4.0909E+13
292.18,4.0909E+13
292.55,3.9021E+13
292.91,3.8458E+13
293.28,3.8458E+13
293.65,3.8458E+13
294.02,3.7209E+13
294.39,3.6671E+13
294.76,3.6671E+13
295.13,3.7209E+13
295.5,3.6671E+13
295.86,3.6671E+13
296.23,3.8213E+13
296.6,3.668E+13
296.97,3.6387E+13
297.34,3.5584E+13
297.71,3.5584E+13
298.07,3.4442E+13
298.44,3.4442E+13
298.81,3.4442E+13
299.18,3.4442E+13
299.55,3.4081E+13
299.91,3.4081E+13
300.28,3.3216E+13
300.65,3.2444E+13
301.02,3.0826E+13
301.39,3.0826E+13
301.75,3.0546E+13
302.12,3.1235E+13
302.49,3.0546E+13
302.86,3.1235E+13
303.23,3.3403E+13
303.59,3.1235E+13
303.96,3.2514E+13
304.33,3.595E+13
304.7,3.6787E+13
305.06,3.491E+13
305.43,3.491E+13
305.8,3.2628E+13
306.17,3.2628E+13
306.53,3.1046E+13
306.9,3.1046E+13
307.27,3.121E+13
307.64,3.1046E+13
308,3.0542E+13
308.37,3.0542E+13
308.74,3.1046E+13
309.11,3.0672E+13
309.47,3.0672E+13
309.84,3.0672E+13
310.21,2.9924E+13
310.57,2.7932E+13
310.94,2.7932E+13
311.31,2.7932E+13
311.67,2.7593E+13
312.04,2.6316E+13
312.41,2.504E+13
312.77,2.344E+13
313.14,2.344E+13
313.51,2.344E+13
313.87,2.344E+13
314.24,2.1466E+13
314.61,2.0141E+13
314.97,1.9911E+13
315.34,1.9061E+13
315.71,1.7938E+13
316.07,1.7892E+13
316.44,1.7892E+13
316.81,1.7892E+13
317.17,1.8145E+13
317.54,1.7485E+13
317.91,1.8145E+13
318.27,1.8145E+13
318.64,1.8145E+13
319,1.8145E+13
319.37,1.8145E+13
319.74,1.8901E+13
320.1,1.8901E+13
320.47,1.7835E+13
320.83,1.7835E+13
321.2,1.7835E+13
321.57,1.7835E+13
321.93,1.6126E+13
322.3,1.6126E+13
322.66,1.8165E+13
323.03,1.8501E+13
323.4,1.6932E+13
323.76,1.6126E+13
324.13,1.4875E+13
324.49,1.4875E+13
324.86,1.4977E+13
325.22,1.4709E+13
325.59,1.4196E+13
325.95,1.4631E+13
326.32,1.4196E+13
326.68,1.4196E+13
327.05,1.4196E+13
327.42,1.4631E+13
327.78,1.4631E+13
328.15,1.4144E+13
328.51,1.4477E+13
328.88,1.3399E+13
329.24,1.4477E+13
329.61,1.4609E+13
329.97,1.4609E+13
330.34,1.3399E+13
330.7,1.3399E+13
331.07,1.3399E+13
331.43,1.4165E+13
331.8,1.4214E+13
332.16,1.3448E+13
332.52,1.2589E+13
332.89,1.1807E+13
333.25,1.0803E+13
333.62,1.152E+13
333.98,1.2263E+13
334.35,1.2263E+13
334.71,1.1797E+13
335.08,1.1797E+13
335.44,1.0635E+13
335.81,1.0635E+13
336.17,1.1725E+13
336.53,1.0635E+13
336.9,1.0635E+13
337.26,9.8208E+12
337.63,9.8208E+12
337.99,9.1284E+12
338.36,8.7785E+12
338.72,8.7785E+12
339.08,9.4709E+12
339.45,9.4709E+12
339.81,8.9347E+12
340.18,8.9347E+12
340.54,9.1453E+12
340.9,9.1453E+12
341.27,9.1453E+12
341.63,9.1453E+12
341.99,9.3649E+12
342.36,9.1094E+12
342.72,8.8989E+12
343.09,9.1094E+12
343.45,9.1094E+12
343.81,9.3649E+12
344.18,9.1594E+12
344.54,8.2626E+12
344.9,7.2501E+12
345.27,7.2501E+12
345.63,7.2501E+12
345.99,7.8747E+12
346.36,7.8747E+12
346.72,7.8747E+12
347.08,8.176E+12
347.45,7.9261E+12
347.81,7.9261E+12
348.17,7.9261E+12
348.54,7.9261E+12
348.9,7.7675E+12
349.26,7.7675E+12
349.62,7.3762E+12
349.99,7.7675E+12
350.35,7.3762E+12
350.71,6.7999E+12
351.08,6.7999E+12
351.44,7.0948E+12
351.8,7.0948E+12
352.16,6.9526E+12
352.53,6.6484E+12
352.89,5.7686E+12
353.25,6.448E+12
353.61,5.9386E+12
353.98,5.9386E+12
354.34,5.9386E+12
354.7,5.9386E+12
355.06,5.4647E+12
355.43,5.9386E+12
355.79,5.4647E+12
356.15,5.3543E+12
356.51,5.3543E+12
356.88,5.2666E+12
357.24,4.7165E+12
357.6,5.2666E+12
357.96,5.2666E+12
358.32,5.2666E+12
358.69,5.2666E+12
359.05,4.7165E+12
359.41,4.7165E+12
359.77,4.7165E+12
360.13,5.6818E+12
360.49,7.6887E+12
360.86,7.6887E+12
361.22,5.4961E+12
361.58,6.1926E+12
361.94,4.5378E+12
362.3,4.0382E+12
362.66,4.7347E+12
363.03,4.583E+12
363.39,4.9634E+12
363.75,4.9634E+12
364.11,4.583E+12
364.47,4.583E+12
364.83,4.9634E+12
365.19,4.9634E+12
365.56,4.9634E+12
365.92,5.0054E+12
366.28,5.0026E+12
366.64,5.0121E+12
367,5.1417E+12
367.36,5.0121E+12
367.72,5.1391E+12
368.08,5.266E+12
368.44,5.266E+12
368.8,5.1363E+12
369.17,5.266E+12
369.53,5.1363E+12
369.89,4.7273E+12
370.25,4.3455E+12
370.61,4.3455E+12
370.97,4.8815E+12
371.33,4.3455E+12
371.69,4.3455E+12
372.05,4.9569E+12
372.41,5.5093E+12
372.77,4.9569E+12
373.13,5.5093E+12
373.49,6.41E+12
373.85,7.2459E+12
374.21,7.2459E+12
374.57,6.41E+12
374.93,6.41E+12
375.29,7.2459E+12
375.65,7.2459E+12
376.01,6.4061E+12
376.37,6.4061E+12
376.73,5.819E+12
377.09,5.819E+12
377.45,5.819E+12
377.81,5.2272E+12
378.17,4.0321E+12
378.53,5.4494E+12
378.89,4.0321E+12
379.25,4.6017E+12
379.61,4.6017E+12
379.97,4.7759E+12
380.33,4.2831E+12
380.69,4.2831E+12
381.05,3.3809E+12
381.41,4.0413E+12
381.77,4.0413E+12
382.13,4.0413E+12
382.49,4.1741E+12
382.85,4.1741E+12
383.21,4.7693E+12
383.57,5.2452E+12
383.93,5.2822E+12
384.28,5.2807E+12
384.64,5.2807E+12
385,5.4778E+12
385.36,5.4778E+12
385.72,5.5085E+12
386.08,6.0504E+12
386.44,5.5085E+12
386.8,5.5085E+12
387.16,5.2807E+12
387.52,5.2347E+12
387.87,4.0581E+12
388.23,5.2669E+12
388.59,4.0581E+12
388.95,4.0581E+12
389.31,2.9994E+12
389.67,2.9994E+12
390.03,4.0581E+12
390.38,4.0581E+12
390.74,4.2677E+12
391.1,3.3328E+12
391.46,5.0789E+12
391.82,5.1354E+12
392.18,5.3597E+12
392.54,6.73E+12
392.89,7.1618E+12
393.25,6.73E+12
393.61,6.3048E+12
393.97,5.249E+12
394.33,5.9884E+12
394.68,6.4136E+12
395.04,5.9884E+12
395.4,5.7963E+12
395.76,5.7963E+12
396.12,5.6644E+12
396.47,5.6644E+12
396.83,5.6644E+12
397.19,5.0925E+12
397.55,5.6644E+12
397.9,5.0925E+12
398.26,4.378E+12
398.62,3.6595E+12
398.98,4.378E+12
399.33,3.849E+12
399.69,2.917E+12
400.05,2.917E+12
400.41,3.849E+12
400.76,3.8658E+12
401.12,3.5286E+12
401.48,4.1302E+12
401.84,4.1302E+12
402.19,4.1302E+12
402.55,3.9093E+12
402.91,3.9093E+12
403.26,3.9093E+12
403.62,3.9093E+12
403.98,3.9093E+12
404.34,3.8942E+12
404.69,3.288E+12
405.05,3.288E+12
405.41,3.2903E+12
405.76,3.1757E+12
406.12,3.1757E+12
406.48,3.9457E+12
406.83,4.002E+12
407.19,4.002E+12
407.55,3.9457E+12
407.9,3.2248E+12
408.26,3.2822E+12
408.62,2.5121E+12
408.97,2.4512E+12
409.33,2.1972E+12
409.68,2.2582E+12
410.04,1.9204E+12
410.4,1.5129E+12
410.75,1.5129E+12
411.11,1.5393E+12
411.47,2.2582E+12
411.82,1.5393E+12
412.18,2.4333E+12
412.53,3.8285E+12
412.89,3.987E+12
413.25,3.8285E+12
413.6,3.987E+12
413.96,3.987E+12
414.31,4.3324E+12
414.67,5.3717E+12
415.03,4.3324E+12
415.38,4.3324E+12
415.74,4.1302E+12
416.09,4.5402E+12
416.45,2.359E+12
416.8,2.8967E+12
417.16,1.9505E+12
417.51,3.392E+12
417.87,3.392E+12
418.23,1.9505E+12
418.58,3.392E+12
418.94,4.9726E+12
419.29,5.1935E+12
419.65,3.6128E+12
420,5.2783E+12
420.36,5.2783E+12
420.71,5.2783E+12
421.07,4.1363E+12
421.42,2.9311E+12
421.78,3.0777E+12
422.13,2.516E+12
422.49,2.4955E+12
422.84,1.6637E+12
423.2,2.4955E+12
423.55,2.4955E+12
423.91,2.4955E+12
424.26,2.4955E+12
424.61,1.7752E+12
424.97,1.612E+12
425.32,6.0193E+11
425.68,3.7594E+11
426.03,3.7594E+11
426.39,1.8481E+12
426.74,3.7594E+11
427.1,2.4324E+11
427.45,2.4324E+11
427.8,2.4324E+11
428.16,2.4324E+11
428.51,1.1252E+12
428.87,2.2527E+12
429.22,2.2527E+12
429.58,2.2527E+12
429.93,1.1578E+12
430.28,1.1578E+12
430.64,2.2527E+12
430.99,1.1578E+12
431.35,1.1578E+12
431.7,1.9149E+12
432.05,1.159E+12
432.41,0
432.76,1.159E+12
433.11,0
433.47,0
433.82,0
434.17,0
434.53,2.3363E+11
434.88,0
435.24,0
435.59,2.3363E+11
435.94,1.4356E+12
436.3,1.4356E+12
436.65,1.4356E+12
437,2.076E+12
437.35,2.4184E+12
437.71,2.3371E+12
438.06,2.4048E+12
438.41,2.4048E+12
438.77,2.4048E+12
439.12,2.4562E+12
439.47,2.3749E+12
439.83,1.8812E+12
440.18,1.8812E+12
440.53,1.8812E+12
440.88,1.8812E+12
441.24,1.2828E+12
441.59,9.2606E+11
441.94,9.2606E+11
442.3,7.3807E+11
442.65,0
443,0
443.35,0
443.71,0
444.06,0
444.41,0
444.76,0
445.11,0
445.47,3.6717E+11
445.82,1.3593E+12
446.17,2.8916E+12
446.52,3.825E+12
446.88,3.825E+12
447.23,3.825E+12
447.58,3.825E+12
447.93,3.825E+12
448.28,3.652E+12
448.63,3.5197E+12
448.99,2.7141E+12
449.34,2.1128E+12
449.69,3.9136E+11
450.04,3.9136E+11
450.39,1.5155E+12
450.74,1.5155E+12
451.1,9.6802E+11
451.45,3.129E+11
451.8,3.901E+11
452.15,3.901E+11
452.5,3.901E+11
452.85,3.901E+11
453.21,9.6802E+11
453.56,3.901E+11
453.91,26389000000
454.26,26389000000
454.61,26389000000
454.96,8.1252E+11
455.31,3.2352E+11
455.66,1.8318E+12
456.01,2.4095E+12
456.36,1.8819E+12
456.72,1.0626E+11
457.07,1.0626E+11
457.42,1.0626E+11
457.77,1.5776E+12
458.12,1.5776E+12
458.47,1.0626E+11
458.82,1.5776E+12
459.17,0
459.52,0
459.87,0
460.22,0
460.57,1.8799E+12
460.92,2.2789E+12
461.27,2.0904E+12
461.62,7.4726E+11
461.97,2.0904E+12
462.32,2.0904E+12
462.67,3.2113E+12
463.02,3.2113E+12
463.38,4.0459E+12
463.73,3.2113E+12
464.08,3.0404E+12
464.43,3.0404E+12
464.78,4.0459E+12
465.12,4.0459E+12
465.47,3.1531E+12
465.82,1.3581E+12
466.17,4.4428E+11
466.52,1.2914E+12
466.87,4.4428E+11
467.22,3.1657E+11
467.57,3.1657E+11
467.92,2.4869E+11
468.27,2.4869E+11
468.62,3.1657E+11
468.97,6.4118E+11
469.32,1.3172E+12
469.67,1.3172E+12
470.02,1.3172E+12
470.37,1.3172E+12
470.72,2.3093E+12
471.07,1.9614E+12
471.42,1.9614E+12
471.76,1.8709E+12
472.11,1.3154E+12
472.46,6.6269E+11
472.81,0
473.16,4.4387E+11
473.51,0
473.86,0
474.21,0
474.56,0
474.9,0
475.25,0
475.6,0
475.95,0
476.3,0
476.65,0
477,0
477.34,3.3323E+11
477.69,7.0804E+11
478.04,4.804E+11
478.39,0
478.74,0
479.09,0
479.43,0
479.78,0
480.13,0
480.48,0
480.83,0
481.17,0
481.52,0
481.87,0
482.22,0
482.57,0
482.91,0
483.26,0
483.61,2.1384E+11
483.96,0
484.3,0
484.65,0
485,0
485.35,0
485.69,0
486.04,0
486.39,0
486.74,0
487.08,0
487.43,0
487.78,0
488.12,0
488.47,0
488.82,0
489.17,0
489.51,0
489.86,0
490.21,0
490.55,0
490.9,6.7473E+11
491.25,0
491.59,0
491.94,0
492.29,0
492.63,4.7026E+11
492.98,5.5147E+11
493.33,7.325E+11
493.67,7.7678E+11
494.02,7.325E+11
494.37,7.4468E+11
494.71,7.4468E+11
495.06,9.7128E+11
495.4,7.4468E+11
495.75,7.583E+11
496.1,9.8934E+11
496.44,9.8934E+11
496.79,1.3962E+12
497.13,1.3962E+12
497.48,1.3962E+12
497.83,9.8934E+11
498.17,9.8934E+11
498.52,8.1885E+11
498.86,8.1885E+11
499.21,4.3894E+11
499.56,56413000000
499.9,56413000000
500.25,56413000000
500.59,56413000000
500.94,4.3898E+11
501.28,4.3898E+11
501.63,9.0543E+11
501.97,5.6503E+11
502.32,5.6503E+11
502.67,5.6503E+11
503.01,5.6503E+11
503.36,0
503.7,0
504.05,0
504.39,0
504.74,0
505.08,0
505.43,0
505.77,0
506.12,0
506.46,0
506.81,0
507.15,0
507.49,0
507.84,0
508.18,0
508.53,0
508.87,0
509.22,0
509.56,0
509.91,0
510.25,0
510.6,0
510.94,0
511.28,0
511.63,0
511.97,0
512.32,1.2719E+11
512.66,5.3333E+11
513,4.7715E+11
513.35,4.7715E+11
513.69,4.6435E+11
514.04,4.6435E+11
514.38,4.6435E+11
514.72,7.7103E+11
515.07,7.7103E+11
515.41,7.7103E+11
515.76,3.7912E+11
516.1,3.7912E+11
516.44,0
516.79,3.7912E+11
517.13,0
517.47,0
517.82,0
518.16,0
518.5,0
518.85,0
519.19,0
519.53,0
519.88,0
520.22,0
520.56,0
520.91,0
521.25,0
521.59,0
521.93,0
522.28,0
522.62,0
522.96,0
523.31,0
523.65,0
523.99,0
524.33,0
524.68,0
525.02,0
525.36,3.8718E+11
525.7,3.8718E+11
526.05,2.7499E+11
526.39,2.7499E+11
526.73,0
527.07,0
527.41,0
527.76,0
528.1,0
528.44,0
528.78,0
529.12,0
529.47,0
529.81,42111000000
530.15,42111000000
530.49,42111000000
530.83,0
531.18,42111000000
531.52,2.7351E+11
531.86,44266000000
532.2,0
532.54,4.6475E+11
532.88,4.6475E+11
533.22,4.6475E+11
533.57,8.2696E+11
533.91,4.6475E+11
534.25,4.6475E+11
534.59,1.4549E+11
534.93,1.4549E+11
535.27,4.2233E+11
535.61,4.2233E+11
535.95,1.0224E+11
536.3,4.2233E+11
536.64,1.0224E+11
536.98,1.0224E+11
537.32,1.0224E+11
537.66,4.2233E+11
538,4.0841E+11
538.34,73767000000
538.68,73767000000
539.02,5.4562E+11
539.36,8.5452E+11
539.7,3.6812E+11
540.04,8.5452E+11
540.39,3.6812E+11
540.73,1.0309E+12
541.07,4.4254E+11
541.41,1.0309E+12
541.75,1.3913E+12
542.09,1.0374E+12
542.43,1.0374E+12
542.77,1.0584E+12
543.11,1.0584E+12
543.45,1.0584E+12
543.79,1.4189E+12
544.13,1.0796E+12
544.47,1.2357E+12
544.81,1.2357E+12
545.15,1.2357E+12
545.49,1.2357E+12
545.83,9.6195E+11
546.17,9.6195E+11
546.51,9.6195E+11
546.85,7.4975E+11
547.19,6.8652E+11
547.53,6.7619E+11
547.87,6.7619E+11
548.21,6.7619E+11
548.54,6.7619E+11
548.88,6.7619E+11
549.22,8.76E+11
549.56,1.9292E+12
549.9,2.9649E+12
550.24,2.9649E+12
550.58,3.0983E+12
550.92,3.0983E+12
551.26,3.0983E+12
551.6,2.9649E+12
551.94,2.9649E+12
552.28,3.0295E+12
552.61,2.7702E+12
552.95,2.7702E+12
553.29,2.7702E+12
553.63,2.7702E+12
553.97,2.1849E+12
554.31,2.3155E+12
554.65,2.3155E+12
554.99,2.3155E+12
555.32,2.3155E+12
555.66,2.3155E+12
556,2.5994E+12
556.34,2.5994E+12
556.68,2.1465E+12
557.02,2.5994E+12
557.36,2.5994E+12
557.69,2.3042E+12
558.03,3.0314E+12
558.37,3.3365E+12
558.71,3.7129E+12
559.05,3.8026E+12
559.38,3.3365E+12
559.72,3.3365E+12
560.06,3.8026E+12
560.4,3.8026E+12
560.74,4.0525E+12
561.07,4.3209E+12
561.41,4.3209E+12
561.75,4.8307E+12
562.09,4.7716E+12
562.42,4.9204E+12
562.76,4.9204E+12
563.1,4.4847E+12
563.44,4.4847E+12
563.77,4.9204E+12
564.11,4.9204E+12
564.45,4.4847E+12
564.79,4.9204E+12
565.12,4.9204E+12
565.46,5.4289E+12
565.8,5.6579E+12
566.14,6.2716E+12
566.47,6.2716E+12
566.81,6.2716E+12
567.15,6.2716E+12
567.48,6.549E+12
567.82,6.549E+12
568.16,6.6656E+12
568.49,6.2689E+12
568.83,6.2653E+12
569.17,6.2757E+12
569.5,6.2757E+12
569.84,6.2757E+12
570.18,6.2757E+12
570.51,6.2757E+12
570.85,5.9947E+12
571.19,5.9947E+12
571.52,5.9947E+12
571.86,6.3564E+12
572.2,7.0907E+12
572.53,7.0907E+12
572.87,6.3508E+12
573.21,6.3508E+12
573.54,6.3508E+12
573.88,6.3508E+12
574.21,7.091E+12
574.55,7.767E+12
574.89,8.1704E+12
575.22,8.9429E+12
575.56,9.7495E+12
575.89,1.0186E+13
576.23,1.0735E+13
576.57,1.0814E+13
576.9,1.1606E+13
577.24,1.178E+13
577.57,1.178E+13
577.91,1.2305E+13
578.24,1.1864E+13
578.58,1.1864E+13
578.91,1.2023E+13
579.25,1.2023E+13
579.59,1.1497E+13
579.92,1.1497E+13
580.26,1.1321E+13
580.59,1.148E+13
580.93,1.148E+13
581.26,1.148E+13
581.6,1.3454E+13
581.93,1.249E+13
582.27,1.4289E+13
582.6,1.2871E+13
582.94,1.2871E+13
583.27,1.4289E+13
583.61,1.4289E+13
583.94,1.4289E+13
584.28,1.5507E+13
584.61,1.6271E+13
584.94,1.6271E+13
585.28,1.6886E+13
585.61,1.7253E+13
585.95,1.7253E+13
586.28,1.7253E+13
586.62,1.7606E+13
586.95,1.7606E+13
587.29,1.7606E+13
587.62,1.7606E+13
587.95,1.739E+13
588.29,1.709E+13
588.62,1.709E+13
588.96,1.6336E+13
589.29,1.709E+13
589.62,1.7469E+13
589.96,1.7469E+13
590.29,1.7914E+13
590.63,1.7914E+13
590.96,1.7861E+13
591.29,1.7861E+13
591.63,1.8103E+13
591.96,1.8103E+13
592.29,1.8103E+13
592.63,1.7262E+13
592.96,1.7262E+13
593.3,1.6308E+13
593.63,1.6135E+13
593.96,1.6146E+13
594.3,1.6146E+13
594.63,1.6146E+13
594.96,1.6146E+13
595.3,1.7989E+13
595.63,2.0222E+13
595.96,2.0222E+13
596.29,2.1101E+13
596.63,2.1101E+13
596.96,2.1101E+13
597.29,2.1901E+13
597.63,2.1457E+13
597.96,2.1751E+13
598.29,2.1457E+13
598.63,2.007E+13
598.96,2.007E+13
599.29,2.1457E+13
599.62,2.1457E+13
599.96,2.1751E+13
600.29,2.1751E+13
600.62,2.2395E+13
600.95,2.2395E+13
601.29,2.1743E+13
601.62,2.3029E+13
601.95,2.3179E+13
602.28,2.3179E+13
602.61,2.3736E+13
602.95,2.264E+13
603.28,2.264E+13
603.61,2.264E+13
603.94,2.264E+13
604.27,2.264E+13
604.61,2.2964E+13
604.94,2.2964E+13
605.27,2.3221E+13
605.6,2.3221E+13
605.93,2.253E+13
606.27,2.2814E+13
606.6,2.2134E+13
606.93,2.2134E+13
607.26,2.2134E+13
607.59,2.1836E+13
607.92,2.1836E+13
608.26,2.0866E+13
608.59,2.0866E+13
608.92,2.1615E+13
609.25,2.1615E+13
609.58,2.1615E+13
609.91,2.2562E+13
610.24,2.2814E+13
610.57,2.2814E+13
610.9,2.2988E+13
611.24,2.2988E+13
611.57,2.2988E+13
611.9,2.2988E+13
612.23,2.3153E+13
612.56,2.3153E+13
612.89,2.3714E+13
613.22,2.4021E+13
613.55,2.4021E+13
613.88,2.3992E+13
614.21,2.2846E+13
614.54,2.2846E+13
614.87,2.3206E+13
615.2,2.4033E+13
615.53,2.4033E+13
615.87,2.5587E+13
616.2,2.4256E+13
616.53,2.347E+13
616.86,2.4037E+13
617.19,2.3561E+13
617.52,2.4037E+13
617.85,2.3657E+13
618.18,2.3657E+13
618.51,2.3525E+13
618.84,2.3525E+13
619.17,2.3525E+13
619.5,2.3525E+13
619.83,2.3752E+13
620.16,2.3752E+13
620.49,2.4414E+13
620.82,2.3752E+13
621.14,2.4414E+13
621.47,2.5284E+13
621.8,2.6249E+13
622.13,2.6249E+13
622.46,2.716E+13
622.79,2.7396E+13
623.12,2.7396E+13
623.45,2.7338E+13
623.78,2.7469E+13
624.11,2.8135E+13
624.44,2.7366E+13
624.77,2.7366E+13
625.1,2.6701E+13
625.43,2.7366E+13
625.75,2.6701E+13
626.08,2.6701E+13
626.41,2.7366E+13
626.74,2.7366E+13
627.07,2.7366E+13
627.4,2.7528E+13
627.73,2.6187E+13
628.06,2.5555E+13
628.38,2.5555E+13
628.71,2.4122E+13
629.04,2.4122E+13
629.37,2.4749E+13
629.7,2.4749E+13
630.03,2.3916E+13
630.36,2.3003E+13
630.68,2.2355E+13
631.01,2.2112E+13
631.34,2.2112E+13
631.67,2.231E+13
632,2.231E+13
632.32,2.3137E+13
632.65,2.3137E+13
632.98,2.231E+13
633.31,2.231E+13
633.64,2.231E+13
633.96,2.3098E+13
634.29,2.3788E+13
634.62,2.3788E+13
634.95,2.3127E+13
635.27,2.1996E+13
635.6,2.1996E+13
635.93,2.0246E+13
636.26,2.0246E+13
636.58,2.0405E+13
636.91,2.0597E+13
637.24,2.0597E+13
637.57,2.0365E+13
637.89,2.1639E+13
638.22,2.1639E+13
638.55,2.1639E+13
638.87,2.1128E+13
639.2,2.1249E+13
639.53,2.1639E+13
639.86,2.2657E+13
640.18,2.2425E+13
640.51,2.157E+13
640.84,2.1628E+13
641.16,2.1307E+13
641.49,2.1307E+13
641.82,2.1307E+13
642.14,2.1307E+13
642.47,2.0587E+13
642.8,2.0587E+13
643.12,2.0587E+13
643.45,2.0587E+13
643.78,2.0587E+13
644.1,2.1141E+13
644.43,2.1141E+13
644.75,2.1141E+13
645.08,2.2756E+13
645.41,2.2756E+13
645.73,2.2756E+13
646.06,2.2654E+13
646.39,2.278E+13
646.71,2.278E+13
647.04,2.3017E+13
647.36,2.3017E+13
647.69,2.3017E+13
648.01,2.3017E+13
648.34,2.3189E+13
648.67,2.3804E+13
648.99,2.3804E+13
649.32,2.3804E+13
649.64,2.3678E+13
649.97,2.3804E+13
650.29,2.3804E+13
650.62,2.3678E+13
650.94,2.3678E+13
651.27,2.2887E+13
651.59,2.0714E+13
651.92,1.9254E+13
652.25,1.9087E+13
652.57,1.8305E+13
652.9,1.8305E+13
653.22,1.8305E+13
653.55,1.8305E+13
653.87,1.8325E+13
654.2,1.745E+13
654.52,1.6434E+13
654.84,1.6434E+13
655.17,1.6434E+13
655.49,1.8325E+13
655.82,1.7124E+13
656.14,1.9295E+13
656.47,1.9295E+13
656.79,1.8504E+13
657.12,1.8504E+13
657.44,2.1055E+13
657.77,2.1055E+13
658.09,1.9083E+13
658.41,2.1055E+13
658.74,2.0563E+13
659.06,2.0563E+13
659.39,1.8157E+13
659.71,1.7578E+13
660.03,1.7319E+13
660.36,1.7319E+13
660.68,1.6864E+13
661.01,1.7267E+13
661.33,1.5949E+13
661.65,1.5949E+13
661.98,1.7267E+13
662.3,1.6385E+13
662.63,1.7495E+13
662.95,1.7495E+13
663.27,1.7495E+13
663.6,1.7495E+13
663.92,1.8245E+13
664.24,1.7068E+13
664.57,1.8245E+13
664.89,1.8585E+13
665.21,1.8188E+13
665.54,1.8188E+13
665.86,1.6334E+13
666.18,1.6334E+13
666.51,1.5389E+13
666.83,1.2473E+13
667.15,1.1409E+13
667.47,1.2473E+13
667.8,1.2473E+13
668.12,1.2473E+13
668.44,1.2473E+13
668.77,1.2547E+13
669.09,1.4138E+13
669.41,1.5923E+13
669.73,1.5923E+13
670.06,1.7193E+13
670.38,1.8193E+13
670.7,1.7193E+13
671.02,1.5923E+13
671.35,1.4138E+13
671.67,1.3083E+13
671.99,1.3677E+13
672.31,1.189E+13
672.63,1.189E+13
672.96,1.2866E+13
673.28,1.189E+13
673.6,1.189E+13
673.92,1.189E+13
674.24,1.1018E+13
674.57,1.1994E+13
674.89,1.1994E+13
675.21,1.1866E+13
675.53,1.2982E+13
675.85,1.1866E+13
676.17,1.0399E+13
676.5,1.1386E+13
676.82,1.1386E+13
677.14,1.1386E+13
677.46,1.3168E+13
677.78,1.0327E+13
678.1,1.1365E+13
678.42,8.8808E+12
678.75,8.4031E+12
679.07,9.3974E+12
679.39,1.1678E+13
679.71,9.3974E+12
680.03,9.3974E+12
680.35,9.3974E+12
680.67,8.7888E+12
680.99,8.7888E+12
681.31,8.7888E+12
681.63,8.7888E+12
681.96,9.7277E+12
682.28,9.7277E+12
682.6,9.7277E+12
682.92,9.7277E+12
683.24,8.6445E+12
683.56,8.6445E+12
683.88,8.3262E+12
684.2,7.4678E+12
684.52,6.0331E+12
684.84,4.9088E+12
685.16,2.4259E+12
685.48,2.4259E+12
685.8,2.4259E+12
686.12,4.9088E+12
686.44,5.1801E+12
686.76,5.1801E+12
687.08,6.8183E+12
687.4,4.5954E+12
687.72,5.2672E+12
688.04,5.2672E+12
688.36,7.661E+12
688.68,6.0651E+12
689,4.0001E+12
689.32,2.5304E+12
689.64,2.5304E+12
689.96,4.0001E+12
690.28,3.1868E+12
690.6,4.0001E+12
690.92,7.486E+12
691.24,1.0912E+13
691.56,7.486E+12
691.88,9.7505E+12
692.19,1.0912E+13
692.51,1.2094E+13
692.83,1.2588E+13
693.15,1.3117E+13
693.47,1.3117E+13
693.79,1.3117E+13
694.11,1.3117E+13
694.43,1.3117E+13
694.75,1.3117E+13
695.06,1.3117E+13
695.38,1.1376E+13
695.7,8.4457E+12
696.02,8.4457E+12
696.34,8.4457E+12
696.66,8.8298E+12
696.98,8.8298E+12
697.29,6.7827E+12
697.61,6.7827E+12
697.93,6.7827E+12
698.25,9.9333E+12
698.57,9.9333E+12
698.89,9.9333E+12
699.2,7.6767E+12
699.52,7.6767E+12
699.84,5.4238E+12
700.16,9.4255E+12
700.48,1.4097E+13
700.79,1.0558E+13
701.11,7.9811E+12
701.43,5.4238E+12
701.75,7.9811E+12
702.07,7.9811E+12
702.38,6.8937E+12
702.7,6.8937E+12
703.02,1.0442E+13
703.34,1.0442E+13
703.65,1.0442E+13
703.97,8.2228E+12
704.29,8.2228E+12
704.61,8.2228E+12
704.92,7.8809E+12
705.24,6.112E+12
705.56,6.5511E+12
705.87,1.5756E+12
706.19,4.8513E+11
706.51,0
706.82,0
707.14,0
707.46,0
707.78,0
708.09,0
708.41,0
708.73,0
709.04,0
709.36,0
709.68,0
709.99,0
710.31,0
710.62,0
710.94,0
711.26,0
711.57,0
711.89,0
712.21,3.7173E+11
712.52,3.7173E+11
712.84,3.7173E+11
713.15,2.3978E+12
713.47,3.7173E+11
713.79,2.3978E+12
714.1,5.0877E+12
714.42,6.1799E+12
714.73,6.1799E+12
715.05,7.5054E+12
715.36,6.1799E+12
715.68,6.5247E+12
715.99,6.1799E+12
716.31,6.1799E+12
716.63,6.1799E+12
716.94,2.6691E+12
717.26,0
717.57,0
717.89,3.0139E+12
718.2,0
718.52,0
718.83,0
719.15,8.9762E+11
719.46,8.9762E+11
719.78,5.3929E+12
720.09,8.3499E+12
720.41,8.3499E+12
720.72,5.3929E+12
721.04,7.3499E+11
721.35,7.3499E+11
721.67,1.8588E+12
721.98,1.0234E+12
722.29,0
722.61,0
722.92,0
723.24,0
723.55,0
723.87,0
724.18,7.9673E+11
724.5,1.0234E+12
724.81,9.1404E+11
725.12,0
725.44,1.6479E+12
725.75,0
726.07,0
726.38,0
726.69,0
727.01,0
727.32,0
727.63,0
727.95,0
728.26,4.6682E+12
728.58,2.1087E+11
728.89,4.6633E+12
729.2,1.3505E+12
729.52,1.3505E+12
729.83,1.3505E+12
730.14,0
730.46,0
730.77,0
731.08,0
731.39,0
731.71,0
732.02,0
732.33,0
732.65,0
732.96,0
733.27,4.4962E+11
733.59,2.2216E+12
733.9,2.2216E+12
734.21,2.2216E+12
734.52,2.2216E+12
734.84,2.2216E+12
735.15,1.6955E+12
735.46,2.7397E+12
735.77,5.7965E+12
736.09,3.6959E+12
736.4,3.3414E+12
736.71,2.3852E+12
737.02,2.3852E+12
737.33,3.3414E+12
737.65,3.3414E+12
737.96,3.3414E+12
738.27,7.189E+12
738.58,3.3414E+12
738.89,3.3414E+12
739.21,1.9395E+12
739.52,3.2382E+11
739.83,3.2382E+11
740.14,0
740.45,0
740.76,0
741.08,0
741.39,0
741.7,0
742.01,0
742.32,0
742.63,0
742.94,0
743.26,0
743.57,0
743.88,0
744.19,0
744.5,4.3071E+12
744.81,0
745.12,0
745.43,0
745.74,0
746.05,0
746.36,0
746.67,0
746.99,0
747.3,0
747.61,0
747.92,0
748.23,0
748.54,0
748.85,0
749.16,1.4042E+12
749.47,1.4042E+12
749.78,1.4042E+12
750.09,5.6924E+12
750.4,1.4042E+12
750.71,5.6924E+12
751.02,0
751.33,2.1633E+12
751.64,6.4231E+12
751.95,6.4231E+12
752.26,6.4231E+12
752.57,1.2473E+13
752.88,1.6157E+13
753.19,6.5779E+12
753.5,6.5779E+12
753.81,2.742E+12
754.11,2.742E+12
754.42,0
754.73,0
755.04,2.4084E+12
755.35,0
755.66,0
755.97,0
756.28,0
756.59,0
756.9,0
757.21,0
757.52,0
757.82,0
758.13,0
758.44,0
758.75,0
759.06,2.4889E+12
759.37,2.4889E+12
759.68,9.7175E+11
759.98,9.7175E+11
760.29,9.7175E+11
760.6,4.3285E+12
760.91,4.3285E+12
761.22,8.7659E+12
761.53,1.9227E+13
761.83,2.182E+13
762.14,2.182E+13
762.45,2.182E+13
762.76,2.2113E+13
763.07,2.2816E+13
763.37,2.7746E+13
763.68,2.7746E+13
763.99,2.7746E+13
764.3,2.0753E+13
764.6,1.553E+13
764.91,1.4997E+13
765.22,1.4997E+13
765.53,1.413E+13
765.84,1.3672E+13
766.14,1.3672E+13
766.45,1.3672E+13
766.76,7.9471E+12
767.06,7.9471E+12
767.37,7.9471E+12
767.68,7.6017E+12
767.99,1.3672E+13
768.29,1.0928E+13
768.6,1.0928E+13
768.91,1.5965E+13
769.21,4.8579E+12
769.52,0
769.83,0
770.13,0
770.44,0
770.75,0
771.05,0
771.36,0
771.67,0
771.97,0
772.28,0
772.59,0
772.89,4.0922E+12
773.2,1.1349E+13
773.51,1.489E+13
773.81,1.489E+13
774.12,1.489E+13
774.42,1.489E+13
774.73,1.489E+13
775.04,1.0133E+13
775.34,8.4171E+12
775.65,0
775.95,0
776.26,0
776.56,0
776.87,0
777.18,0
777.48,0
777.79,0
778.09,0
778.4,0
778.7,4.61E+12
779.01,0
779.31,0
779.62,0
779.92,0
780.23,0
780.53,3.066E+12
780.84,0
781.14,3.066E+12
781.45,3.066E+12
781.75,3.6925E+11
782.06,3.6925E+11
782.36,3.6925E+11
782.67,0
782.97,0
783.28,2.8818E+11
783.58,0
783.89,0
784.19,0
784.49,0
784.8,0
785.1,0
785.41,0
785.71,0
786.02,0
786.32,0
786.62,2.2744E+12
786.93,2.2744E+12
787.23,0
787.54,0
787.84,0
788.14,0
788.45,0
788.75,0
789.05,0
789.36,0
789.66,0
789.96,0
790.27,0
790.57,0
790.87,0
791.18,0
791.48,0
791.78,0
792.09,0
792.39,0
792.69,0
793,0
793.3,0
793.6,0
793.9,0
794.21,0
794.51,0
794.81,0
795.11,0
795.42,0
795.72,0
796.02,0
796.32,0
796.63,0
796.93,0
797.23,0
797.53,0
797.84,0
798.14,0
798.44,0
798.74,0
799.04,0
799.34,0
799.65,0
799.95,0
