2.003400000000000034e+02,0.000000000000000000e+00
2.007199999999999989e+02,0.000000000000000000e+00
2.010999999999999943e+02,0.000000000000000000e+00
2.014799999999999898e+02,0.000000000000000000e+00
2.018499999999999943e+02,0.000000000000000000e+00
2.022299999999999898e+02,0.000000000000000000e+00
2.026100000000000136e+02,0.000000000000000000e+00
2.029900000000000091e+02,0.000000000000000000e+00
2.033600000000000136e+02,0.000000000000000000e+00
2.037400000000000091e+02,-0.000000000000000000e+00
2.041200000000000045e+02,0.000000000000000000e+00
2.044900000000000091e+02,-0.000000000000000000e+00
2.048700000000000045e+02,-0.000000000000000000e+00
2.052500000000000000e+02,0.000000000000000000e+00
2.056299999999999955e+02,-0.000000000000000000e+00
2.060000000000000000e+02,-0.000000000000000000e+00
2.063799999999999955e+02,0.000000000000000000e+00
2.067599999999999909e+02,-0.000000000000000000e+00
2.071399999999999864e+02,0.000000000000000000e+00
2.075099999999999909e+02,0.000000000000000000e+00
2.078899999999999864e+02,-0.000000000000000000e+00
2.082700000000000102e+02,0.000000000000000000e+00
2.086399999999999864e+02,0.000000000000000000e+00
2.090200000000000102e+02,0.000000000000000000e+00
2.094000000000000057e+02,0.000000000000000000e+00
2.097700000000000102e+02,-0.000000000000000000e+00
2.101500000000000057e+02,0.000000000000000000e+00
2.105300000000000011e+02,0.000000000000000000e+00
2.109000000000000057e+02,3.700100000000000000e+12
2.112800000000000011e+02,3.700100000000000000e+12
2.116599999999999966e+02,9.643600000000000000e+12
2.120300000000000011e+02,2.130700000000000000e+13
2.124099999999999966e+02,2.130700000000000000e+13
2.127899999999999920e+02,3.496700000000000000e+13
2.131599999999999966e+02,2.208000000000000000e+13
2.135399999999999920e+02,2.208000000000000000e+13
2.139199999999999875e+02,3.182200000000000000e+13
2.142899999999999920e+02,3.182200000000000000e+13
2.146699999999999875e+02,3.079300000000000000e+13
2.150500000000000114e+02,3.079300000000000000e+13
2.154199999999999875e+02,2.105100000000000000e+13
2.158000000000000114e+02,1.226800000000000000e+13
2.161699999999999875e+02,1.226800000000000000e+13
2.165500000000000114e+02,4.945700000000000000e+12
2.169300000000000068e+02,2.456700000000000000e+12
2.173000000000000114e+02,8.613300000000000000e+12
2.176800000000000068e+02,8.613300000000000000e+12
2.180500000000000114e+02,8.963300000000000000e+12
2.184300000000000068e+02,8.963300000000000000e+12
2.188100000000000023e+02,1.419900000000000000e+13
2.191800000000000068e+02,1.419900000000000000e+13
2.195600000000000023e+02,1.953500000000000000e+13
2.199300000000000068e+02,1.953500000000000000e+13
2.203100000000000023e+02,2.455500000000000000e+13
2.206899999999999977e+02,2.455500000000000000e+13
2.210600000000000023e+02,2.455500000000000000e+13
2.214399999999999977e+02,2.455500000000000000e+13
2.218100000000000023e+02,2.687800000000000000e+13
2.221899999999999977e+02,2.687800000000000000e+13
2.225600000000000023e+02,2.687800000000000000e+13
2.229399999999999977e+02,3.248600000000000000e+13
2.233199999999999932e+02,3.248600000000000000e+13
2.236899999999999977e+02,3.338400000000000000e+13
2.240699999999999932e+02,3.923600000000000000e+13
2.244399999999999977e+02,4.202500000000000000e+13
2.248199999999999932e+02,4.375900000000000000e+13
2.251899999999999977e+02,4.420200000000000000e+13
2.255699999999999932e+02,4.455200000000000000e+13
2.259399999999999977e+02,4.455200000000000000e+13
2.263199999999999932e+02,4.560100000000000000e+13
2.266899999999999977e+02,4.837100000000000000e+13
2.270699999999999932e+02,5.083400000000000000e+13
2.274399999999999977e+02,5.083400000000000000e+13
2.278199999999999932e+02,5.083400000000000000e+13
2.281899999999999977e+02,5.118000000000000000e+13
2.285699999999999932e+02,5.118000000000000000e+13
2.289399999999999977e+02,5.419000000000000000e+13
2.293199999999999932e+02,5.419000000000000000e+13
2.296899999999999977e+02,5.419000000000000000e+13
2.300699999999999932e+02,5.668700000000000000e+13
2.304399999999999977e+02,6.158700000000000000e+13
2.308199999999999932e+02,6.158700000000000000e+13
2.311899999999999977e+02,6.256900000000000000e+13
2.315699999999999932e+02,6.158700000000000000e+13
2.319399999999999977e+02,6.256900000000000000e+13
2.323199999999999932e+02,6.551200000000000000e+13
2.326899999999999977e+02,6.876500000000000000e+13
2.330699999999999932e+02,6.876500000000000000e+13
2.334399999999999977e+02,7.110300000000000000e+13
2.338199999999999932e+02,7.110300000000000000e+13
2.341899999999999977e+02,7.110300000000000000e+13
2.345699999999999932e+02,7.110300000000000000e+13
2.349399999999999977e+02,6.952700000000000000e+13
2.353100000000000023e+02,6.952700000000000000e+13
2.356899999999999977e+02,7.403900000000000000e+13
2.360600000000000023e+02,7.403900000000000000e+13
2.364399999999999977e+02,6.790300000000000000e+13
2.368100000000000023e+02,6.601400000000000000e+13
2.371899999999999977e+02,6.601400000000000000e+13
2.375600000000000023e+02,6.601400000000000000e+13
2.379300000000000068e+02,6.601400000000000000e+13
2.383100000000000023e+02,7.404600000000000000e+13
2.386800000000000068e+02,8.104800000000000000e+13
2.390600000000000023e+02,8.104800000000000000e+13
2.394300000000000068e+02,8.104800000000000000e+13
2.398100000000000023e+02,8.104800000000000000e+13
2.401800000000000068e+02,8.104800000000000000e+13
2.405500000000000114e+02,8.104800000000000000e+13
2.409300000000000068e+02,8.104800000000000000e+13
2.413000000000000114e+02,7.911600000000000000e+13
2.416699999999999875e+02,7.787600000000000000e+13
2.420500000000000114e+02,7.629600000000000000e+13
2.424199999999999875e+02,7.366300000000000000e+13
2.428000000000000114e+02,7.366300000000000000e+13
2.431699999999999875e+02,7.190000000000000000e+13
2.435399999999999920e+02,7.190000000000000000e+13
2.439199999999999875e+02,7.366300000000000000e+13
2.442899999999999920e+02,7.673000000000000000e+13
2.446599999999999966e+02,7.366300000000000000e+13
2.450399999999999920e+02,7.366300000000000000e+13
2.454099999999999966e+02,7.366300000000000000e+13
2.457800000000000011e+02,7.063500000000000000e+13
2.461599999999999966e+02,7.237300000000000000e+13
2.465300000000000011e+02,7.237300000000000000e+13
2.469000000000000057e+02,7.867000000000000000e+13
2.472800000000000011e+02,6.988400000000000000e+13
2.476500000000000057e+02,6.748200000000000000e+13
2.480200000000000102e+02,6.748200000000000000e+13
2.484000000000000057e+02,6.748200000000000000e+13
2.487700000000000102e+02,7.325100000000000000e+13
2.491399999999999864e+02,7.483100000000000000e+13
2.495200000000000102e+02,7.645000000000000000e+13
2.498899999999999864e+02,7.247900000000000000e+13
2.502599999999999909e+02,7.247900000000000000e+13
2.506399999999999864e+02,7.086000000000000000e+13
2.510099999999999909e+02,7.247900000000000000e+13
2.513799999999999955e+02,7.247900000000000000e+13
2.517500000000000000e+02,7.081700000000000000e+13
2.521299999999999955e+02,7.081700000000000000e+13
2.525000000000000000e+02,6.704900000000000000e+13
2.528700000000000045e+02,6.704900000000000000e+13
2.532500000000000000e+02,6.704900000000000000e+13
2.536200000000000045e+02,6.237300000000000000e+13
2.539900000000000091e+02,6.237300000000000000e+13
2.543600000000000136e+02,6.237300000000000000e+13
2.547400000000000091e+02,6.112000000000000000e+13
2.551100000000000136e+02,6.112000000000000000e+13
2.554799999999999898e+02,6.069200000000000000e+13
2.558499999999999943e+02,6.162200000000000000e+13
2.562300000000000182e+02,6.264400000000000000e+13
2.566000000000000227e+02,6.162200000000000000e+13
2.569700000000000273e+02,6.162200000000000000e+13
2.573399999999999750e+02,6.264400000000000000e+13
2.577099999999999795e+02,6.162200000000000000e+13
2.580899999999999750e+02,6.162200000000000000e+13
2.584599999999999795e+02,6.234200000000000000e+13
2.588299999999999841e+02,6.257200000000000000e+13
2.591999999999999886e+02,6.309700000000000000e+13
2.595799999999999841e+02,6.597400000000000000e+13
2.599499999999999886e+02,6.544900000000000000e+13
2.603199999999999932e+02,6.926600000000000000e+13
2.606899999999999977e+02,6.608800000000000000e+13
2.610600000000000023e+02,6.437100000000000000e+13
2.614399999999999977e+02,6.437100000000000000e+13
2.618100000000000023e+02,6.588500000000000000e+13
2.621800000000000068e+02,6.588500000000000000e+13
2.625500000000000114e+02,6.415400000000000000e+13
2.629200000000000159e+02,6.117400000000000000e+13
2.632900000000000205e+02,5.985400000000000000e+13
2.636700000000000159e+02,6.168700000000000000e+13
2.640400000000000205e+02,6.168700000000000000e+13
2.644100000000000250e+02,6.415400000000000000e+13
2.647799999999999727e+02,6.168700000000000000e+13
2.651499999999999773e+02,6.415400000000000000e+13
2.655199999999999818e+02,6.234600000000000000e+13
2.658999999999999773e+02,6.380500000000000000e+13
2.662699999999999818e+02,6.380500000000000000e+13
2.666399999999999864e+02,6.380500000000000000e+13
2.670099999999999909e+02,6.608500000000000000e+13
2.673799999999999955e+02,6.380500000000000000e+13
2.677500000000000000e+02,6.380500000000000000e+13
2.681200000000000045e+02,6.199200000000000000e+13
2.685000000000000000e+02,6.411400000000000000e+13
2.688700000000000045e+02,6.427100000000000000e+13
2.692400000000000091e+02,6.667200000000000000e+13
2.696100000000000136e+02,6.838400000000000000e+13
2.699800000000000182e+02,6.838400000000000000e+13
2.703500000000000227e+02,6.985000000000000000e+13
2.707200000000000273e+02,6.966900000000000000e+13
2.710899999999999750e+02,7.045400000000000000e+13
2.714599999999999795e+02,7.045400000000000000e+13
2.718299999999999841e+02,7.164300000000000000e+13
2.722099999999999795e+02,7.164300000000000000e+13
2.725799999999999841e+02,7.280300000000000000e+13
2.729499999999999886e+02,7.359000000000000000e+13
2.733199999999999932e+02,7.359000000000000000e+13
2.736899999999999977e+02,7.403100000000000000e+13
2.740600000000000023e+02,7.489200000000000000e+13
2.744300000000000068e+02,7.489200000000000000e+13
2.748000000000000114e+02,7.698400000000000000e+13
2.751700000000000159e+02,7.877500000000000000e+13
2.755400000000000205e+02,7.877500000000000000e+13
2.759100000000000250e+02,8.065500000000000000e+13
2.762799999999999727e+02,8.203200000000000000e+13
2.766499999999999773e+02,8.249100000000000000e+13
2.770199999999999818e+02,8.315100000000000000e+13
2.773899999999999864e+02,8.379200000000000000e+13
2.777599999999999909e+02,8.643200000000000000e+13
2.781299999999999955e+02,8.771300000000000000e+13
2.785000000000000000e+02,8.771300000000000000e+13
2.788700000000000045e+02,8.550000000000000000e+13
2.792400000000000091e+02,8.695800000000000000e+13
2.796100000000000136e+02,8.789000000000000000e+13
2.799800000000000182e+02,8.798700000000000000e+13
2.803500000000000227e+02,8.711400000000000000e+13
2.807200000000000273e+02,8.711400000000000000e+13
2.810899999999999750e+02,8.711400000000000000e+13
2.814599999999999795e+02,8.693700000000000000e+13
2.818299999999999841e+02,8.711400000000000000e+13
2.821999999999999886e+02,8.744400000000000000e+13
2.825699999999999932e+02,8.939500000000000000e+13
2.829399999999999977e+02,9.070800000000000000e+13
2.833100000000000023e+02,9.092200000000000000e+13
2.836800000000000068e+02,9.092200000000000000e+13
2.840500000000000114e+02,9.092200000000000000e+13
2.844200000000000159e+02,9.092200000000000000e+13
2.847900000000000205e+02,9.092200000000000000e+13
2.851600000000000250e+02,9.092200000000000000e+13
2.855299999999999727e+02,9.015600000000000000e+13
2.858999999999999773e+02,8.972900000000000000e+13
2.862699999999999818e+02,8.916900000000000000e+13
2.866399999999999864e+02,8.855100000000000000e+13
2.870099999999999909e+02,8.828800000000000000e+13
2.873799999999999955e+02,8.828800000000000000e+13
2.877500000000000000e+02,8.703900000000000000e+13
2.881200000000000045e+02,8.704000000000000000e+13
2.884900000000000091e+02,8.655200000000000000e+13
2.888600000000000136e+02,8.655200000000000000e+13
2.892300000000000182e+02,8.655200000000000000e+13
2.895899999999999750e+02,8.655200000000000000e+13
2.899599999999999795e+02,8.655200000000000000e+13
2.903299999999999841e+02,8.635300000000000000e+13
2.906999999999999886e+02,8.781500000000000000e+13
2.910699999999999932e+02,8.635300000000000000e+13
2.914399999999999977e+02,8.685300000000000000e+13
2.918100000000000023e+02,8.685300000000000000e+13
2.921800000000000068e+02,8.587800000000000000e+13
2.925500000000000114e+02,8.587800000000000000e+13
2.929100000000000250e+02,8.504600000000000000e+13
2.932799999999999727e+02,8.504600000000000000e+13
2.936499999999999773e+02,8.454000000000000000e+13
2.940199999999999818e+02,8.383600000000000000e+13
2.943899999999999864e+02,8.283600000000000000e+13
2.947599999999999909e+02,8.283600000000000000e+13
2.951299999999999955e+02,8.241300000000000000e+13
2.955000000000000000e+02,8.241300000000000000e+13
2.958600000000000136e+02,8.062000000000000000e+13
2.962300000000000182e+02,7.875400000000000000e+13
2.966000000000000227e+02,7.875400000000000000e+13
2.969700000000000273e+02,7.785100000000000000e+13
2.973399999999999750e+02,7.875400000000000000e+13
2.977099999999999795e+02,7.875400000000000000e+13
2.980699999999999932e+02,7.781400000000000000e+13
2.984399999999999977e+02,7.634500000000000000e+13
2.988100000000000023e+02,7.781400000000000000e+13
2.991800000000000068e+02,7.634500000000000000e+13
2.995500000000000114e+02,7.413700000000000000e+13
2.999100000000000250e+02,7.266600000000000000e+13
3.002799999999999727e+02,7.266600000000000000e+13
3.006499999999999773e+02,7.228100000000000000e+13
3.010199999999999818e+02,6.860200000000000000e+13
3.013899999999999864e+02,6.880500000000000000e+13
3.017500000000000000e+02,6.416500000000000000e+13
3.021200000000000045e+02,6.240200000000000000e+13
3.024900000000000091e+02,6.240200000000000000e+13
3.028600000000000136e+02,6.240200000000000000e+13
3.032300000000000182e+02,6.240200000000000000e+13
3.035899999999999750e+02,6.236700000000000000e+13
3.039599999999999795e+02,6.370800000000000000e+13
3.043299999999999841e+02,6.370800000000000000e+13
3.046999999999999886e+02,6.287100000000000000e+13
3.050600000000000023e+02,6.116000000000000000e+13
3.054300000000000068e+02,6.116000000000000000e+13
3.058000000000000114e+02,6.055200000000000000e+13
3.061700000000000159e+02,5.943000000000000000e+13
3.065299999999999727e+02,5.825700000000000000e+13
3.068999999999999773e+02,5.825700000000000000e+13
3.072699999999999818e+02,5.825700000000000000e+13
3.076399999999999864e+02,5.709500000000000000e+13
3.080000000000000000e+02,5.590100000000000000e+13
3.083700000000000045e+02,5.478100000000000000e+13
3.087400000000000091e+02,5.478100000000000000e+13
3.091100000000000136e+02,5.431900000000000000e+13
3.094700000000000273e+02,5.346500000000000000e+13
3.098399999999999750e+02,5.346500000000000000e+13
3.102099999999999795e+02,5.243400000000000000e+13
3.105699999999999932e+02,5.151000000000000000e+13
3.109399999999999977e+02,5.038400000000000000e+13
3.113100000000000023e+02,5.068200000000000000e+13
3.116700000000000159e+02,4.946200000000000000e+13
3.120400000000000205e+02,4.926900000000000000e+13
3.124100000000000250e+02,4.839900000000000000e+13
3.127699999999999818e+02,4.692600000000000000e+13
3.131399999999999864e+02,4.692600000000000000e+13
3.135099999999999909e+02,4.561800000000000000e+13
3.138700000000000045e+02,4.491100000000000000e+13
3.142400000000000091e+02,4.489100000000000000e+13
3.146100000000000136e+02,4.561800000000000000e+13
3.149700000000000273e+02,4.489100000000000000e+13
3.153399999999999750e+02,4.561800000000000000e+13
3.157099999999999795e+02,4.426500000000000000e+13
3.160699999999999932e+02,4.426500000000000000e+13
3.164399999999999977e+02,4.317800000000000000e+13
3.168100000000000023e+02,4.203700000000000000e+13
3.171700000000000159e+02,4.192900000000000000e+13
3.175400000000000205e+02,4.192900000000000000e+13
3.179100000000000250e+02,4.037100000000000000e+13
3.182699999999999818e+02,3.950500000000000000e+13
3.186399999999999864e+02,3.923900000000000000e+13
3.190000000000000000e+02,3.888000000000000000e+13
3.193700000000000045e+02,3.859400000000000000e+13
3.197400000000000091e+02,3.859400000000000000e+13
3.201000000000000227e+02,3.771000000000000000e+13
3.204700000000000273e+02,3.789800000000000000e+13
3.208299999999999841e+02,3.591400000000000000e+13
3.211999999999999886e+02,3.434900000000000000e+13
3.215699999999999932e+02,3.434900000000000000e+13
3.219300000000000068e+02,3.434900000000000000e+13
3.223000000000000114e+02,3.434900000000000000e+13
3.226600000000000250e+02,3.440100000000000000e+13
3.230299999999999727e+02,3.440100000000000000e+13
3.233999999999999773e+02,3.289100000000000000e+13
3.237599999999999909e+02,3.198200000000000000e+13
3.241299999999999955e+02,3.198200000000000000e+13
3.244900000000000091e+02,3.267800000000000000e+13
3.248600000000000136e+02,3.267800000000000000e+13
3.252200000000000273e+02,3.222400000000000000e+13
3.255899999999999750e+02,3.222400000000000000e+13
3.259499999999999886e+02,3.144000000000000000e+13
3.263199999999999932e+02,3.038700000000000000e+13
3.266800000000000068e+02,3.014500000000000000e+13
3.270500000000000114e+02,3.014500000000000000e+13
3.274200000000000159e+02,3.014500000000000000e+13
3.277799999999999727e+02,2.910900000000000000e+13
3.281499999999999773e+02,2.856400000000000000e+13
3.285099999999999909e+02,2.856400000000000000e+13
3.288799999999999955e+02,2.856400000000000000e+13
3.292400000000000091e+02,2.846500000000000000e+13
3.296100000000000136e+02,2.766600000000000000e+13
3.299700000000000273e+02,2.650700000000000000e+13
3.303399999999999750e+02,2.650700000000000000e+13
3.306999999999999886e+02,2.609000000000000000e+13
3.310699999999999932e+02,2.609000000000000000e+13
3.314300000000000068e+02,2.650700000000000000e+13
3.318000000000000114e+02,2.609000000000000000e+13
3.321600000000000250e+02,2.631500000000000000e+13
3.325199999999999818e+02,2.631500000000000000e+13
3.328899999999999864e+02,2.609000000000000000e+13
3.332500000000000000e+02,2.609000000000000000e+13
3.336200000000000045e+02,2.582600000000000000e+13
3.339800000000000182e+02,2.519300000000000000e+13
3.343500000000000227e+02,2.519300000000000000e+13
3.347099999999999795e+02,2.405800000000000000e+13
3.350799999999999841e+02,2.374100000000000000e+13
3.354399999999999977e+02,2.374100000000000000e+13
3.358100000000000023e+02,2.374100000000000000e+13
3.361700000000000159e+02,2.309200000000000000e+13
3.365299999999999727e+02,2.276100000000000000e+13
3.368999999999999773e+02,2.260000000000000000e+13
3.372599999999999909e+02,2.231000000000000000e+13
3.376299999999999955e+02,2.176200000000000000e+13
3.379900000000000091e+02,2.176200000000000000e+13
3.383600000000000136e+02,2.260000000000000000e+13
3.387200000000000273e+02,2.176200000000000000e+13
3.390799999999999841e+02,2.176200000000000000e+13
3.394499999999999886e+02,2.175400000000000000e+13
3.398100000000000023e+02,2.137800000000000000e+13
3.401800000000000068e+02,2.137800000000000000e+13
3.405400000000000205e+02,2.137800000000000000e+13
3.408999999999999773e+02,2.135900000000000000e+13
3.412699999999999818e+02,2.135900000000000000e+13
3.416299999999999955e+02,2.122500000000000000e+13
3.419900000000000091e+02,2.047600000000000000e+13
3.423600000000000136e+02,2.064700000000000000e+13
3.427200000000000273e+02,2.016500000000000000e+13
3.430899999999999750e+02,1.952000000000000000e+13
3.434499999999999886e+02,1.952000000000000000e+13
3.438100000000000023e+02,1.853900000000000000e+13
3.441800000000000068e+02,1.808700000000000000e+13
3.445400000000000205e+02,1.586100000000000000e+13
3.448999999999999773e+02,1.759000000000000000e+13
3.452699999999999818e+02,1.759000000000000000e+13
3.456299999999999955e+02,1.586100000000000000e+13
3.459900000000000091e+02,1.572300000000000000e+13
3.463600000000000136e+02,1.568900000000000000e+13
3.467200000000000273e+02,1.671600000000000000e+13
3.470799999999999841e+02,1.547100000000000000e+13
3.474499999999999886e+02,1.547100000000000000e+13
3.478100000000000023e+02,1.547100000000000000e+13
3.481700000000000159e+02,1.547100000000000000e+13
3.485400000000000205e+02,1.521500000000000000e+13
3.488999999999999773e+02,1.381200000000000000e+13
3.492599999999999909e+02,1.311300000000000000e+13
3.496200000000000045e+02,1.311300000000000000e+13
3.499900000000000091e+02,1.317000000000000000e+13
3.503500000000000227e+02,1.302400000000000000e+13
3.507099999999999795e+02,1.302400000000000000e+13
3.510799999999999841e+02,1.302400000000000000e+13
3.514399999999999977e+02,1.302400000000000000e+13
3.518000000000000114e+02,1.302400000000000000e+13
3.521600000000000250e+02,1.260000000000000000e+13
3.525299999999999727e+02,1.183700000000000000e+13
3.528899999999999864e+02,1.154900000000000000e+13
3.532500000000000000e+02,1.129800000000000000e+13
3.536100000000000136e+02,1.129800000000000000e+13
3.539800000000000182e+02,1.129800000000000000e+13
3.543399999999999750e+02,1.129800000000000000e+13
3.546999999999999886e+02,1.154900000000000000e+13
3.550600000000000023e+02,1.154900000000000000e+13
3.554300000000000068e+02,1.172700000000000000e+13
3.557900000000000205e+02,1.199400000000000000e+13
3.561499999999999773e+02,1.254800000000000000e+13
3.565099999999999909e+02,1.254800000000000000e+13
3.568799999999999955e+02,1.254800000000000000e+13
3.572400000000000091e+02,1.254800000000000000e+13
3.576000000000000227e+02,1.275100000000000000e+13
3.579599999999999795e+02,1.239400000000000000e+13
3.583199999999999932e+02,1.218300000000000000e+13
3.586899999999999977e+02,1.218300000000000000e+13
3.590500000000000114e+02,1.230600000000000000e+13
3.594100000000000250e+02,1.230600000000000000e+13
3.597699999999999818e+02,1.194400000000000000e+13
3.601299999999999955e+02,1.194400000000000000e+13
3.604900000000000091e+02,1.230600000000000000e+13
3.608600000000000136e+02,1.194200000000000000e+13
3.612200000000000273e+02,1.166100000000000000e+13
3.615799999999999841e+02,1.182500000000000000e+13
3.619399999999999977e+02,1.182500000000000000e+13
3.623000000000000114e+02,1.182500000000000000e+13
3.626600000000000250e+02,1.182500000000000000e+13
3.630299999999999727e+02,1.161200000000000000e+13
3.633899999999999864e+02,1.161200000000000000e+13
3.637500000000000000e+02,1.161200000000000000e+13
3.641100000000000136e+02,1.140000000000000000e+13
3.644700000000000273e+02,1.156400000000000000e+13
3.648299999999999841e+02,1.116700000000000000e+13
3.651899999999999977e+02,1.116700000000000000e+13
3.655600000000000023e+02,1.204300000000000000e+13
3.659200000000000159e+02,1.204300000000000000e+13
3.662799999999999727e+02,1.126700000000000000e+13
3.666399999999999864e+02,1.217300000000000000e+13
3.670000000000000000e+02,1.247700000000000000e+13
3.673600000000000136e+02,1.247700000000000000e+13
3.677200000000000273e+02,1.259600000000000000e+13
3.680799999999999841e+02,1.274200000000000000e+13
3.684399999999999977e+02,1.300100000000000000e+13
3.688000000000000114e+02,1.300100000000000000e+13
3.691700000000000159e+02,1.254800000000000000e+13
3.695299999999999727e+02,1.228900000000000000e+13
3.698899999999999864e+02,1.228900000000000000e+13
3.702500000000000000e+02,1.228900000000000000e+13
3.706100000000000136e+02,1.254800000000000000e+13
3.709700000000000273e+02,1.293600000000000000e+13
3.713299999999999841e+02,1.338000000000000000e+13
3.716899999999999977e+02,1.295400000000000000e+13
3.720500000000000114e+02,1.295400000000000000e+13
3.724100000000000250e+02,1.295400000000000000e+13
3.727699999999999818e+02,1.338000000000000000e+13
3.731299999999999955e+02,1.338000000000000000e+13
3.734900000000000091e+02,1.430000000000000000e+13
3.738500000000000227e+02,1.430000000000000000e+13
3.742099999999999795e+02,1.338000000000000000e+13
3.745699999999999932e+02,1.403900000000000000e+13
3.749300000000000068e+02,1.361300000000000000e+13
3.752900000000000205e+02,1.500000000000000000e+13
3.756499999999999773e+02,1.500000000000000000e+13
3.760099999999999909e+02,1.239600000000000000e+13
3.763700000000000045e+02,1.186400000000000000e+13
3.767300000000000182e+02,1.226500000000000000e+13
3.770899999999999750e+02,1.200200000000000000e+13
3.774499999999999886e+02,1.200200000000000000e+13
3.778100000000000023e+02,1.200200000000000000e+13
3.781700000000000159e+02,1.055100000000000000e+13
3.785299999999999727e+02,1.200200000000000000e+13
3.788899999999999864e+02,1.157700000000000000e+13
3.792500000000000000e+02,1.262700000000000000e+13
3.796100000000000136e+02,1.262700000000000000e+13
3.799700000000000273e+02,1.262700000000000000e+13
3.803299999999999841e+02,1.333600000000000000e+13
3.806899999999999977e+02,1.364300000000000000e+13
3.810500000000000114e+02,1.364300000000000000e+13
3.814100000000000250e+02,1.364300000000000000e+13
3.817699999999999818e+02,1.427500000000000000e+13
3.821299999999999955e+02,1.492700000000000000e+13
3.824900000000000091e+02,1.492700000000000000e+13
3.828500000000000227e+02,1.441400000000000000e+13
3.832099999999999795e+02,1.441400000000000000e+13
3.835699999999999932e+02,1.441400000000000000e+13
3.839300000000000068e+02,1.373700000000000000e+13
3.842799999999999727e+02,1.373700000000000000e+13
3.846399999999999864e+02,1.303200000000000000e+13
3.850000000000000000e+02,1.250800000000000000e+13
3.853600000000000136e+02,1.245200000000000000e+13
3.857200000000000273e+02,1.240500000000000000e+13
3.860799999999999841e+02,1.173700000000000000e+13
3.864399999999999977e+02,1.175200000000000000e+13
3.868000000000000114e+02,1.153000000000000000e+13
3.871600000000000250e+02,1.153000000000000000e+13
3.875199999999999818e+02,1.219200000000000000e+13
3.878700000000000045e+02,1.219200000000000000e+13
3.882300000000000182e+02,1.153000000000000000e+13
3.885899999999999750e+02,1.219200000000000000e+13
3.889499999999999886e+02,1.185800000000000000e+13
3.893100000000000023e+02,1.219200000000000000e+13
3.896700000000000159e+02,1.241000000000000000e+13
3.900299999999999727e+02,1.241000000000000000e+13
3.903799999999999955e+02,1.243500000000000000e+13
3.907400000000000091e+02,1.296400000000000000e+13
3.911000000000000227e+02,1.296400000000000000e+13
3.914599999999999795e+02,1.298900000000000000e+13
3.918199999999999932e+02,1.361300000000000000e+13
3.921800000000000068e+02,1.361300000000000000e+13
3.925400000000000205e+02,1.361300000000000000e+13
3.928899999999999864e+02,1.319600000000000000e+13
3.932500000000000000e+02,1.270400000000000000e+13
3.936100000000000136e+02,1.270400000000000000e+13
3.939700000000000273e+02,1.270400000000000000e+13
3.943299999999999841e+02,1.270400000000000000e+13
3.946800000000000068e+02,1.310200000000000000e+13
3.950400000000000205e+02,1.275500000000000000e+13
3.953999999999999773e+02,1.258500000000000000e+13
3.957599999999999909e+02,1.258500000000000000e+13
3.961200000000000045e+02,1.152000000000000000e+13
3.964700000000000273e+02,1.152000000000000000e+13
3.968299999999999841e+02,1.223100000000000000e+13
3.971899999999999977e+02,1.111500000000000000e+13
3.975500000000000114e+02,1.141700000000000000e+13
3.978999999999999773e+02,1.141700000000000000e+13
3.982599999999999909e+02,1.055200000000000000e+13
3.986200000000000045e+02,9.990100000000000000e+12
3.989800000000000182e+02,1.055200000000000000e+13
3.993299999999999841e+02,1.121900000000000000e+13
3.996899999999999977e+02,1.121900000000000000e+13
4.000500000000000114e+02,1.055200000000000000e+13
4.004100000000000250e+02,1.046400000000000000e+13
4.007599999999999909e+02,1.035700000000000000e+13
4.011200000000000045e+02,1.035700000000000000e+13
4.014800000000000182e+02,9.299900000000000000e+12
4.018399999999999750e+02,1.005600000000000000e+13
4.021899999999999977e+02,9.472100000000000000e+12
4.025500000000000114e+02,8.689800000000000000e+12
4.029100000000000250e+02,8.689800000000000000e+12
4.032599999999999909e+02,9.357800000000000000e+12
4.036200000000000045e+02,9.562900000000000000e+12
4.039800000000000182e+02,8.921000000000000000e+12
4.043399999999999750e+02,9.562900000000000000e+12
4.046899999999999977e+02,9.562900000000000000e+12
4.050500000000000114e+02,9.562900000000000000e+12
4.054100000000000250e+02,9.168200000000000000e+12
4.057599999999999909e+02,9.605100000000000000e+12
4.061200000000000045e+02,1.039700000000000000e+13
4.064800000000000182e+02,1.035700000000000000e+13
4.068299999999999841e+02,9.962800000000000000e+12
4.071899999999999977e+02,1.067700000000000000e+13
4.075500000000000114e+02,1.067700000000000000e+13
4.078999999999999773e+02,1.067700000000000000e+13
4.082599999999999909e+02,1.067700000000000000e+13
4.086200000000000045e+02,1.067700000000000000e+13
4.089700000000000273e+02,1.067700000000000000e+13
4.093299999999999841e+02,1.060200000000000000e+13
4.096800000000000068e+02,1.059900000000000000e+13
4.100400000000000205e+02,1.059900000000000000e+13
4.103999999999999773e+02,1.059900000000000000e+13
4.107500000000000000e+02,1.052100000000000000e+13
4.111100000000000136e+02,1.015000000000000000e+13
4.114700000000000273e+02,9.555500000000000000e+12
4.118199999999999932e+02,9.555500000000000000e+12
4.121800000000000068e+02,9.276400000000000000e+12
4.125299999999999727e+02,9.555500000000000000e+12
4.128899999999999864e+02,9.555500000000000000e+12
4.132500000000000000e+02,9.276400000000000000e+12
4.136000000000000227e+02,9.063600000000000000e+12
4.139599999999999795e+02,9.063600000000000000e+12
4.143100000000000023e+02,9.276400000000000000e+12
4.146700000000000159e+02,9.405400000000000000e+12
4.150299999999999727e+02,9.997900000000000000e+12
4.153799999999999955e+02,9.776700000000000000e+12
4.157400000000000091e+02,9.776700000000000000e+12
4.160899999999999750e+02,9.203800000000000000e+12
4.164499999999999886e+02,9.667400000000000000e+12
4.168000000000000114e+02,9.667400000000000000e+12
4.171600000000000250e+02,9.667400000000000000e+12
4.175099999999999909e+02,9.063200000000000000e+12
4.178700000000000045e+02,9.063200000000000000e+12
4.182300000000000182e+02,9.185000000000000000e+12
4.185799999999999841e+02,9.185000000000000000e+12
4.189399999999999977e+02,9.185000000000000000e+12
4.192900000000000205e+02,9.901000000000000000e+12
4.196499999999999773e+02,9.901000000000000000e+12
4.200000000000000000e+02,9.296800000000000000e+12
4.203600000000000136e+02,9.296800000000000000e+12
4.207099999999999795e+02,9.646700000000000000e+12
4.210699999999999932e+02,1.014000000000000000e+13
4.214200000000000159e+02,9.774200000000000000e+12
4.217799999999999727e+02,7.813600000000000000e+12
4.221299999999999955e+02,6.307300000000000000e+12
4.224900000000000091e+02,6.235200000000000000e+12
4.228399999999999750e+02,6.102600000000000000e+12
4.231999999999999886e+02,6.235200000000000000e+12
4.235500000000000114e+02,6.235200000000000000e+12
4.239100000000000250e+02,6.307300000000000000e+12
4.242599999999999909e+02,6.135500000000000000e+12
4.246100000000000136e+02,6.135500000000000000e+12
4.249700000000000273e+02,6.135500000000000000e+12
4.253199999999999932e+02,6.351300000000000000e+12
4.256800000000000068e+02,6.218700000000000000e+12
4.260299999999999727e+02,6.218700000000000000e+12
4.263899999999999864e+02,6.270000000000000000e+12
4.267400000000000091e+02,6.270000000000000000e+12
4.271000000000000227e+02,6.687600000000000000e+12
4.274499999999999886e+02,6.687600000000000000e+12
4.278000000000000114e+02,6.876400000000000000e+12
4.281600000000000250e+02,6.876400000000000000e+12
4.285099999999999909e+02,7.081800000000000000e+12
4.288700000000000045e+02,7.081800000000000000e+12
4.292200000000000273e+02,7.081800000000000000e+12
4.295799999999999841e+02,7.081800000000000000e+12
4.299300000000000068e+02,7.081800000000000000e+12
4.302799999999999727e+02,7.017400000000000000e+12
4.306399999999999864e+02,6.155500000000000000e+12
4.309900000000000091e+02,4.763200000000000000e+12
4.313500000000000227e+02,4.438500000000000000e+12
4.316999999999999886e+02,4.438500000000000000e+12
4.320500000000000114e+02,3.936600000000000000e+12
4.324100000000000250e+02,3.724900000000000000e+12
4.327599999999999909e+02,3.724900000000000000e+12
4.331100000000000136e+02,3.684200000000000000e+12
4.334700000000000273e+02,3.805200000000000000e+12
4.338199999999999932e+02,4.347800000000000000e+12
4.341700000000000159e+02,4.860800000000000000e+12
4.345299999999999727e+02,4.860800000000000000e+12
4.348799999999999955e+02,5.524800000000000000e+12
4.352400000000000091e+02,5.017100000000000000e+12
4.355899999999999750e+02,5.017100000000000000e+12
4.359399999999999977e+02,5.017100000000000000e+12
4.363000000000000114e+02,4.346500000000000000e+12
4.366499999999999773e+02,4.597900000000000000e+12
4.370000000000000000e+02,4.471300000000000000e+12
4.373500000000000227e+02,4.072400000000000000e+12
4.377099999999999795e+02,4.072400000000000000e+12
4.380600000000000023e+02,4.471300000000000000e+12
4.384100000000000250e+02,4.471300000000000000e+12
4.387699999999999818e+02,4.072400000000000000e+12
4.391200000000000045e+02,4.471300000000000000e+12
4.394700000000000273e+02,4.856800000000000000e+12
4.398299999999999841e+02,5.415900000000000000e+12
4.401800000000000068e+02,5.415900000000000000e+12
4.405299999999999727e+02,5.415900000000000000e+12
4.408799999999999955e+02,5.415900000000000000e+12
4.412400000000000091e+02,5.885400000000000000e+12
4.415899999999999750e+02,5.324700000000000000e+12
4.419399999999999977e+02,5.473100000000000000e+12
4.423000000000000114e+02,5.473100000000000000e+12
4.426499999999999773e+02,5.372300000000000000e+12
4.430000000000000000e+02,4.702300000000000000e+12
4.433500000000000227e+02,4.444400000000000000e+12
4.437099999999999795e+02,4.444400000000000000e+12
4.440600000000000023e+02,4.278800000000000000e+12
4.444100000000000250e+02,3.982300000000000000e+12
4.447599999999999909e+02,3.982300000000000000e+12
4.451100000000000136e+02,3.982300000000000000e+12
4.454700000000000273e+02,3.982300000000000000e+12
4.458199999999999932e+02,3.989900000000000000e+12
4.461700000000000159e+02,3.989900000000000000e+12
4.465199999999999818e+02,3.855000000000000000e+12
4.468799999999999955e+02,3.855000000000000000e+12
4.472300000000000182e+02,3.543900000000000000e+12
4.475799999999999841e+02,4.133100000000000000e+12
4.479300000000000068e+02,4.133100000000000000e+12
4.482799999999999727e+02,3.669400000000000000e+12
4.486299999999999955e+02,3.669400000000000000e+12
4.489900000000000091e+02,3.669400000000000000e+12
4.493399999999999750e+02,3.499900000000000000e+12
4.496899999999999977e+02,3.080100000000000000e+12
4.500400000000000205e+02,3.080100000000000000e+12
4.503899999999999864e+02,3.499900000000000000e+12
4.507400000000000091e+02,3.499900000000000000e+12
4.511000000000000227e+02,3.499900000000000000e+12
4.514499999999999886e+02,3.857700000000000000e+12
4.518000000000000114e+02,3.857700000000000000e+12
4.521499999999999773e+02,3.845300000000000000e+12
4.525000000000000000e+02,3.228700000000000000e+12
4.528500000000000227e+02,3.322900000000000000e+12
4.532099999999999795e+02,3.951800000000000000e+12
4.535600000000000023e+02,3.951800000000000000e+12
4.539100000000000250e+02,3.951800000000000000e+12
4.542599999999999909e+02,3.951800000000000000e+12
4.546100000000000136e+02,3.951800000000000000e+12
4.549599999999999795e+02,3.782000000000000000e+12
4.553100000000000023e+02,3.782000000000000000e+12
4.556600000000000250e+02,3.550400000000000000e+12
4.560099999999999909e+02,3.656700000000000000e+12
4.563600000000000136e+02,3.550400000000000000e+12
4.567200000000000273e+02,3.009100000000000000e+12
4.570699999999999932e+02,2.039300000000000000e+12
4.574200000000000159e+02,2.039300000000000000e+12
4.577699999999999818e+02,1.575400000000000000e+12
4.581200000000000045e+02,1.575400000000000000e+12
4.584700000000000273e+02,2.545200000000000000e+12
4.588199999999999932e+02,2.545300000000000000e+12
4.591700000000000159e+02,1.614300000000000000e+12
4.595199999999999818e+02,1.614300000000000000e+12
4.598700000000000045e+02,1.614300000000000000e+12
4.602200000000000273e+02,1.883500000000000000e+12
4.605699999999999932e+02,1.883500000000000000e+12
4.609200000000000159e+02,1.614300000000000000e+12
4.612699999999999818e+02,1.883500000000000000e+12
4.616200000000000045e+02,1.520100000000000000e+12
4.619700000000000273e+02,1.279300000000000000e+12
4.623199999999999932e+02,8.144300000000000000e+11
4.626700000000000159e+02,1.279300000000000000e+12
4.630199999999999818e+02,1.279300000000000000e+12
4.633799999999999955e+02,1.623700000000000000e+12
4.637300000000000182e+02,1.623700000000000000e+12
4.640799999999999841e+02,2.315200000000000000e+12
4.644300000000000068e+02,2.315200000000000000e+12
4.647799999999999727e+02,2.315200000000000000e+12
4.651200000000000045e+02,2.615800000000000000e+12
4.654700000000000273e+02,2.847300000000000000e+12
4.658199999999999932e+02,2.847300000000000000e+12
4.661700000000000159e+02,3.052700000000000000e+12
4.665199999999999818e+02,2.847300000000000000e+12
4.668700000000000045e+02,2.847300000000000000e+12
4.672200000000000273e+02,2.847300000000000000e+12
4.675699999999999932e+02,2.582100000000000000e+12
4.679200000000000159e+02,2.847300000000000000e+12
4.682699999999999818e+02,3.592700000000000000e+12
4.686200000000000045e+02,3.327500000000000000e+12
4.689700000000000273e+02,1.155500000000000000e+12
4.693199999999999932e+02,1.155500000000000000e+12
4.696700000000000159e+02,1.155500000000000000e+12
4.700199999999999818e+02,2.597000000000000000e+12
4.703700000000000045e+02,1.066000000000000000e+12
4.707200000000000273e+02,1.066000000000000000e+12
4.710699999999999932e+02,2.643600000000000000e+12
4.714200000000000159e+02,1.960500000000000000e+12
4.717599999999999909e+02,1.960500000000000000e+12
4.721100000000000136e+02,2.643600000000000000e+12
4.724599999999999795e+02,2.643600000000000000e+12
4.728100000000000023e+02,2.858200000000000000e+12
4.731600000000000250e+02,2.858200000000000000e+12
4.735099999999999909e+02,2.756300000000000000e+12
4.738600000000000136e+02,2.756300000000000000e+12
4.742099999999999795e+02,2.989300000000000000e+12
4.745600000000000023e+02,2.906200000000000000e+12
4.748999999999999773e+02,2.906200000000000000e+12
4.752500000000000000e+02,2.288900000000000000e+12
4.756000000000000227e+02,2.288900000000000000e+12
4.759499999999999886e+02,2.417800000000000000e+12
4.763000000000000114e+02,2.304300000000000000e+12
4.766499999999999773e+02,2.217600000000000000e+12
4.770000000000000000e+02,2.129200000000000000e+12
4.773399999999999750e+02,2.217600000000000000e+12
4.776899999999999977e+02,2.129200000000000000e+12
4.780400000000000205e+02,2.217600000000000000e+12
4.783899999999999864e+02,2.217600000000000000e+12
4.787400000000000091e+02,1.909900000000000000e+12
4.790899999999999750e+02,1.909900000000000000e+12
4.794300000000000068e+02,1.628900000000000000e+12
4.797799999999999727e+02,1.463100000000000000e+12
4.801299999999999955e+02,1.628900000000000000e+12
4.804800000000000182e+02,1.628900000000000000e+12
4.808299999999999841e+02,1.628900000000000000e+12
4.811700000000000159e+02,1.671700000000000000e+12
4.815199999999999818e+02,1.671700000000000000e+12
4.818700000000000045e+02,1.929000000000000000e+12
4.822200000000000273e+02,1.929000000000000000e+12
4.825699999999999932e+02,1.929000000000000000e+12
4.829100000000000250e+02,1.929000000000000000e+12
4.832599999999999909e+02,2.255700000000000000e+12
4.836100000000000136e+02,1.999100000000000000e+12
4.839599999999999795e+02,2.447600000000000000e+12
4.843000000000000114e+02,2.120900000000000000e+12
4.846499999999999773e+02,1.868100000000000000e+12
4.850000000000000000e+02,1.550000000000000000e+12
4.853500000000000227e+02,1.148700000000000000e+12
4.856899999999999977e+02,1.200700000000000000e+12
4.860400000000000205e+02,1.200700000000000000e+12
4.863899999999999864e+02,1.200700000000000000e+12
4.867400000000000091e+02,1.200700000000000000e+12
4.870799999999999841e+02,1.274200000000000000e+12
4.874300000000000068e+02,1.200700000000000000e+12
4.877799999999999727e+02,1.274200000000000000e+12
4.881200000000000045e+02,1.274200000000000000e+12
4.884700000000000273e+02,1.274200000000000000e+12
4.888199999999999932e+02,1.346800000000000000e+12
4.891700000000000159e+02,1.346800000000000000e+12
4.895099999999999909e+02,9.170200000000000000e+11
4.898600000000000136e+02,1.040600000000000000e+12
4.902099999999999795e+02,7.683800000000000000e+11
4.905500000000000114e+02,7.683800000000000000e+11
4.908999999999999773e+02,1.074500000000000000e+12
4.912500000000000000e+02,7.683800000000000000e+11
4.915899999999999750e+02,9.210600000000000000e+11
4.919399999999999977e+02,7.683800000000000000e+11
4.922900000000000205e+02,7.500200000000000000e+11
4.926299999999999955e+02,7.500200000000000000e+11
4.929800000000000182e+02,7.500200000000000000e+11
4.933299999999999841e+02,7.187900000000000000e+11
4.936700000000000159e+02,7.187900000000000000e+11
4.940199999999999818e+02,5.065800000000000000e+11
4.943700000000000045e+02,3.929700000000000000e+11
4.947099999999999795e+02,4.222300000000000000e+11
4.950600000000000023e+02,4.222300000000000000e+11
4.953999999999999773e+02,5.913600000000000000e+11
4.957500000000000000e+02,4.222300000000000000e+11
4.961000000000000227e+02,3.374500000000000000e+11
4.964399999999999977e+02,4.222300000000000000e+11
4.967900000000000205e+02,5.494500000000000000e+11
4.971299999999999955e+02,4.222300000000000000e+11
4.974800000000000182e+02,5.494500000000000000e+11
4.978299999999999841e+02,6.637100000000000000e+11
4.981700000000000159e+02,7.297200000000000000e+11
4.985199999999999818e+02,6.637100000000000000e+11
4.988600000000000136e+02,6.637100000000000000e+11
4.992099999999999795e+02,7.297200000000000000e+11
4.995600000000000023e+02,7.297200000000000000e+11
4.998999999999999773e+02,7.297200000000000000e+11
5.002500000000000000e+02,7.297200000000000000e+11
5.005899999999999750e+02,9.687000000000000000e+11
5.009399999999999977e+02,1.360400000000000000e+12
5.012799999999999727e+02,1.360400000000000000e+12
5.016299999999999955e+02,1.057400000000000000e+12
5.019700000000000273e+02,1.360400000000000000e+12
5.023199999999999932e+02,1.233600000000000000e+12
5.026700000000000159e+02,7.049300000000000000e+11
5.030099999999999909e+02,7.049300000000000000e+11
5.033600000000000136e+02,1.680000000000000000e+11
5.036999999999999886e+02,1.680000000000000000e+11
5.040500000000000114e+02,1.680000000000000000e+11
5.043899999999999864e+02,1.680000000000000000e+11
5.047400000000000091e+02,1.680000000000000000e+11
5.050799999999999841e+02,7.377500000000000000e+11
5.054300000000000068e+02,3.382500000000000000e+11
5.057699999999999818e+02,5.224200000000000000e+11
5.061200000000000045e+02,5.663300000000000000e+11
5.064599999999999795e+02,9.219200000000000000e+11
5.068100000000000023e+02,1.023800000000000000e+12
5.071499999999999773e+02,1.058500000000000000e+12
5.074900000000000091e+02,1.052000000000000000e+12
5.078399999999999750e+02,1.023800000000000000e+12
5.081800000000000068e+02,9.947300000000000000e+11
5.085299999999999727e+02,1.022200000000000000e+12
5.088700000000000045e+02,1.052000000000000000e+12
5.092200000000000273e+02,1.094600000000000000e+12
5.095600000000000023e+02,1.094600000000000000e+12
5.099100000000000250e+02,1.211800000000000000e+12
5.102500000000000000e+02,1.169800000000000000e+12
5.106000000000000227e+02,1.022900000000000000e+12
5.109399999999999977e+02,8.939000000000000000e+11
5.112799999999999727e+02,4.537900000000000000e+11
5.116299999999999955e+02,9.186200000000000000e+11
5.119700000000000273e+02,4.537900000000000000e+11
5.123200000000000500e+02,4.537900000000000000e+11
5.126599999999999682e+02,4.537900000000000000e+11
5.130000000000000000e+02,9.186200000000000000e+11
5.133500000000000227e+02,9.186200000000000000e+11
5.136900000000000546e+02,1.012800000000000000e+12
5.140399999999999636e+02,1.012800000000000000e+12
5.143799999999999955e+02,1.012800000000000000e+12
5.147200000000000273e+02,1.012800000000000000e+12
5.150700000000000500e+02,9.441000000000000000e+11
5.154099999999999682e+02,1.012100000000000000e+12
5.157599999999999909e+02,9.441000000000000000e+11
5.161000000000000227e+02,7.887500000000000000e+11
5.164400000000000546e+02,7.887500000000000000e+11
5.167899999999999636e+02,4.626100000000000000e+11
5.171299999999999955e+02,4.626100000000000000e+11
5.174700000000000273e+02,5.790900000000000000e+11
5.178200000000000500e+02,6.483100000000000000e+11
5.181599999999999682e+02,9.732500000000000000e+11
5.185000000000000000e+02,1.167100000000000000e+12
5.188500000000000227e+02,1.322100000000000000e+12
5.191900000000000546e+02,1.389500000000000000e+12
5.195299999999999727e+02,1.389500000000000000e+12
5.198799999999999955e+02,1.389500000000000000e+12
5.202200000000000273e+02,1.389500000000000000e+12
5.205599999999999454e+02,1.440900000000000000e+12
5.209099999999999682e+02,1.967100000000000000e+12
5.212500000000000000e+02,2.699000000000000000e+12
5.215900000000000318e+02,2.603400000000000000e+12
5.219299999999999500e+02,2.603400000000000000e+12
5.222799999999999727e+02,2.898700000000000000e+12
5.226200000000000045e+02,2.603400000000000000e+12
5.229600000000000364e+02,2.603400000000000000e+12
5.233099999999999454e+02,1.680100000000000000e+12
5.236499999999999773e+02,1.780300000000000000e+12
5.239900000000000091e+02,1.980000000000000000e+12
5.243300000000000409e+02,1.666300000000000000e+12
5.246799999999999500e+02,1.666300000000000000e+12
5.250199999999999818e+02,1.666300000000000000e+12
5.253600000000000136e+02,1.918200000000000000e+12
5.257000000000000455e+02,1.408800000000000000e+12
5.260499999999999545e+02,1.408800000000000000e+12
5.263899999999999864e+02,1.408800000000000000e+12
5.267300000000000182e+02,1.408800000000000000e+12
5.270700000000000500e+02,1.918200000000000000e+12
5.274099999999999682e+02,1.055000000000000000e+12
5.277599999999999909e+02,4.242800000000000000e+11
5.281000000000000227e+02,4.242800000000000000e+11
5.284400000000000546e+02,4.242800000000000000e+11
5.287799999999999727e+02,4.242800000000000000e+11
5.291200000000000045e+02,3.851900000000000000e+11
5.294700000000000273e+02,1.406800000000000000e+12
5.298099999999999454e+02,2.096900000000000000e+12
5.301499999999999773e+02,2.096900000000000000e+12
5.304900000000000091e+02,1.768300000000000000e+12
5.308300000000000409e+02,1.768300000000000000e+12
5.311799999999999500e+02,2.033700000000000000e+12
5.315199999999999818e+02,1.768300000000000000e+12
5.318600000000000136e+02,1.432200000000000000e+12
5.322000000000000455e+02,1.402600000000000000e+12
5.325399999999999636e+02,1.402600000000000000e+12
5.328799999999999955e+02,1.085300000000000000e+12
5.332200000000000273e+02,1.085300000000000000e+12
5.335700000000000500e+02,1.085300000000000000e+12
5.339099999999999682e+02,1.402600000000000000e+12
5.342500000000000000e+02,1.402600000000000000e+12
5.345900000000000318e+02,1.178200000000000000e+12
5.349299999999999500e+02,1.438400000000000000e+12
5.352699999999999818e+02,1.438400000000000000e+12
5.356100000000000136e+02,1.272200000000000000e+12
5.359500000000000455e+02,1.461700000000000000e+12
5.362999999999999545e+02,1.977500000000000000e+12
5.366399999999999864e+02,1.718400000000000000e+12
5.369800000000000182e+02,1.718400000000000000e+12
5.373200000000000500e+02,1.718400000000000000e+12
5.376599999999999682e+02,1.718400000000000000e+12
5.380000000000000000e+02,1.881900000000000000e+12
5.383400000000000318e+02,2.201100000000000000e+12
5.386799999999999500e+02,2.201100000000000000e+12
5.390199999999999818e+02,2.201100000000000000e+12
5.393600000000000136e+02,2.051900000000000000e+12
5.397000000000000455e+02,2.051900000000000000e+12
5.400399999999999636e+02,2.051900000000000000e+12
5.403899999999999864e+02,2.051900000000000000e+12
5.407300000000000182e+02,2.371600000000000000e+12
5.410700000000000500e+02,3.007000000000000000e+12
5.414099999999999682e+02,3.670700000000000000e+12
5.417500000000000000e+02,3.044500000000000000e+12
5.420900000000000318e+02,3.670700000000000000e+12
5.424299999999999500e+02,4.240800000000000000e+12
5.427699999999999818e+02,4.608100000000000000e+12
5.431100000000000136e+02,4.608100000000000000e+12
5.434500000000000455e+02,4.608100000000000000e+12
5.437899999999999636e+02,4.608100000000000000e+12
5.441299999999999955e+02,4.608100000000000000e+12
5.444700000000000273e+02,4.759700000000000000e+12
5.448099999999999454e+02,5.178800000000000000e+12
5.451499999999999773e+02,5.341700000000000000e+12
5.454900000000000091e+02,5.878800000000000000e+12
5.458300000000000409e+02,6.138100000000000000e+12
5.461699999999999591e+02,5.878800000000000000e+12
5.465099999999999909e+02,5.901100000000000000e+12
5.468500000000000227e+02,5.901100000000000000e+12
5.471900000000000546e+02,5.653400000000000000e+12
5.475299999999999727e+02,5.653400000000000000e+12
5.478700000000000045e+02,5.653400000000000000e+12
5.482100000000000364e+02,5.853000000000000000e+12
5.485399999999999636e+02,6.220700000000000000e+12
5.488799999999999955e+02,5.853000000000000000e+12
5.492200000000000273e+02,5.853000000000000000e+12
5.495599999999999454e+02,5.853000000000000000e+12
5.498999999999999773e+02,5.991400000000000000e+12
5.502400000000000091e+02,6.687100000000000000e+12
5.505800000000000409e+02,7.585700000000000000e+12
5.509199999999999591e+02,7.900600000000000000e+12
5.512599999999999909e+02,7.900600000000000000e+12
5.516000000000000227e+02,7.623500000000000000e+12
5.519400000000000546e+02,7.755900000000000000e+12
5.522799999999999727e+02,8.066100000000000000e+12
5.526100000000000136e+02,8.054100000000000000e+12
5.529500000000000455e+02,8.054100000000000000e+12
5.532899999999999636e+02,8.054100000000000000e+12
5.536299999999999955e+02,8.054100000000000000e+12
5.539700000000000273e+02,8.054100000000000000e+12
5.543099999999999454e+02,8.237800000000000000e+12
5.546499999999999773e+02,9.111300000000000000e+12
5.549900000000000091e+02,9.762000000000000000e+12
5.553200000000000500e+02,1.008500000000000000e+13
5.556599999999999682e+02,1.054200000000000000e+13
5.560000000000000000e+02,1.070800000000000000e+13
5.563400000000000318e+02,1.139100000000000000e+13
5.566799999999999500e+02,1.139100000000000000e+13
5.570199999999999818e+02,1.139100000000000000e+13
5.573600000000000136e+02,1.193300000000000000e+13
5.576900000000000546e+02,1.142600000000000000e+13
5.580299999999999727e+02,1.070800000000000000e+13
5.583700000000000045e+02,1.107600000000000000e+13
5.587100000000000364e+02,1.165000000000000000e+13
5.590499999999999545e+02,1.178800000000000000e+13
5.593799999999999955e+02,1.236600000000000000e+13
5.597200000000000273e+02,1.281800000000000000e+13
5.600599999999999454e+02,1.335600000000000000e+13
5.603999999999999773e+02,1.359800000000000000e+13
5.607400000000000091e+02,1.380900000000000000e+13
5.610700000000000500e+02,1.443900000000000000e+13
5.614099999999999682e+02,1.508700000000000000e+13
5.617500000000000000e+02,1.543100000000000000e+13
5.620900000000000318e+02,1.543100000000000000e+13
5.624199999999999591e+02,1.508700000000000000e+13
5.627599999999999909e+02,1.520700000000000000e+13
5.631000000000000227e+02,1.550300000000000000e+13
5.634400000000000546e+02,1.557000000000000000e+13
5.637699999999999818e+02,1.651800000000000000e+13
5.641100000000000136e+02,1.765500000000000000e+13
5.644500000000000455e+02,1.822600000000000000e+13
5.647899999999999636e+02,1.750000000000000000e+13
5.651200000000000045e+02,1.822600000000000000e+13
5.654600000000000364e+02,1.903700000000000000e+13
5.657999999999999545e+02,1.903700000000000000e+13
5.661399999999999864e+02,1.978800000000000000e+13
5.664700000000000273e+02,2.017300000000000000e+13
5.668099999999999454e+02,2.066700000000000000e+13
5.671499999999999773e+02,2.066700000000000000e+13
5.674800000000000182e+02,2.149400000000000000e+13
5.678200000000000500e+02,2.171800000000000000e+13
5.681599999999999682e+02,2.217200000000000000e+13
5.684900000000000091e+02,2.171800000000000000e+13
5.688300000000000409e+02,2.171800000000000000e+13
5.691699999999999591e+02,2.223200000000000000e+13
5.695000000000000000e+02,2.223200000000000000e+13
5.698400000000000318e+02,2.270100000000000000e+13
5.701799999999999500e+02,2.343600000000000000e+13
5.705099999999999909e+02,2.393000000000000000e+13
5.708500000000000227e+02,2.441000000000000000e+13
5.711900000000000546e+02,2.488800000000000000e+13
5.715199999999999818e+02,2.490700000000000000e+13
5.718600000000000136e+02,2.518200000000000000e+13
5.722000000000000455e+02,2.518200000000000000e+13
5.725299999999999727e+02,2.582100000000000000e+13
5.728700000000000045e+02,2.669200000000000000e+13
5.732100000000000364e+02,2.669200000000000000e+13
5.735399999999999636e+02,2.732300000000000000e+13
5.738799999999999955e+02,2.732300000000000000e+13
5.742100000000000364e+02,2.769100000000000000e+13
5.745499999999999545e+02,2.769100000000000000e+13
5.748899999999999864e+02,2.955000000000000000e+13
5.752200000000000273e+02,3.126800000000000000e+13
5.755599999999999454e+02,3.143600000000000000e+13
5.758899999999999864e+02,3.193200000000000000e+13
5.762300000000000182e+02,3.243100000000000000e+13
5.765700000000000500e+02,3.292300000000000000e+13
5.768999999999999773e+02,3.334000000000000000e+13
5.772400000000000091e+02,3.371500000000000000e+13
5.775700000000000500e+02,3.477600000000000000e+13
5.779099999999999682e+02,3.603900000000000000e+13
5.782400000000000091e+02,3.603900000000000000e+13
5.785800000000000409e+02,3.703000000000000000e+13
5.789099999999999682e+02,3.703000000000000000e+13
5.792500000000000000e+02,3.779400000000000000e+13
5.795900000000000318e+02,3.852200000000000000e+13
5.799199999999999591e+02,3.907900000000000000e+13
5.802599999999999909e+02,3.926400000000000000e+13
5.805900000000000318e+02,3.907900000000000000e+13
5.809299999999999500e+02,3.970300000000000000e+13
5.812599999999999909e+02,3.970300000000000000e+13
5.816000000000000227e+02,4.063500000000000000e+13
5.819299999999999500e+02,4.128600000000000000e+13
5.822699999999999818e+02,4.170800000000000000e+13
5.826000000000000227e+02,4.170800000000000000e+13
5.829400000000000546e+02,4.205400000000000000e+13
5.832699999999999818e+02,4.252900000000000000e+13
5.836100000000000136e+02,4.385600000000000000e+13
5.839400000000000546e+02,4.529500000000000000e+13
5.842799999999999727e+02,4.536400000000000000e+13
5.846100000000000136e+02,4.536400000000000000e+13
5.849400000000000546e+02,4.575900000000000000e+13
5.852799999999999727e+02,4.632400000000000000e+13
5.856100000000000136e+02,4.679300000000000000e+13
5.859500000000000455e+02,4.735200000000000000e+13
5.862799999999999727e+02,4.776300000000000000e+13
5.866200000000000045e+02,4.865500000000000000e+13
5.869500000000000455e+02,4.908300000000000000e+13
5.872899999999999636e+02,4.991000000000000000e+13
5.876200000000000045e+02,5.061500000000000000e+13
5.879500000000000455e+02,5.110500000000000000e+13
5.882899999999999636e+02,5.153700000000000000e+13
5.886200000000000045e+02,5.153700000000000000e+13
5.889600000000000364e+02,5.221300000000000000e+13
5.892899999999999636e+02,5.288400000000000000e+13
5.896200000000000045e+02,5.371300000000000000e+13
5.899600000000000364e+02,5.371300000000000000e+13
5.902899999999999636e+02,5.469800000000000000e+13
5.906299999999999955e+02,5.443400000000000000e+13
5.909600000000000364e+02,5.443400000000000000e+13
5.912899999999999636e+02,5.443400000000000000e+13
5.916299999999999955e+02,5.443400000000000000e+13
5.919600000000000364e+02,5.584600000000000000e+13
5.922899999999999636e+02,5.665900000000000000e+13
5.926299999999999955e+02,5.699300000000000000e+13
5.929600000000000364e+02,5.736900000000000000e+13
5.932999999999999545e+02,5.816200000000000000e+13
5.936299999999999955e+02,5.870400000000000000e+13
5.939600000000000364e+02,6.003300000000000000e+13
5.942999999999999545e+02,6.059000000000000000e+13
5.946299999999999955e+02,6.059000000000000000e+13
5.949600000000000364e+02,6.110800000000000000e+13
5.952999999999999545e+02,6.123500000000000000e+13
5.956299999999999955e+02,6.224900000000000000e+13
5.959600000000000364e+02,6.316800000000000000e+13
5.962899999999999636e+02,6.316800000000000000e+13
5.966299999999999955e+02,6.351700000000000000e+13
5.969600000000000364e+02,6.351700000000000000e+13
5.972899999999999636e+02,6.351700000000000000e+13
5.976299999999999955e+02,6.325900000000000000e+13
5.979600000000000364e+02,6.366300000000000000e+13
5.982899999999999636e+02,6.366300000000000000e+13
5.986299999999999955e+02,6.413900000000000000e+13
5.989600000000000364e+02,6.413900000000000000e+13
5.992899999999999636e+02,6.413900000000000000e+13
5.996200000000000045e+02,6.563300000000000000e+13
5.999600000000000364e+02,6.563300000000000000e+13
6.002899999999999636e+02,6.598200000000000000e+13
6.006200000000000045e+02,6.598200000000000000e+13
6.009500000000000455e+02,6.763200000000000000e+13
6.012899999999999636e+02,6.763200000000000000e+13
6.016200000000000045e+02,6.763200000000000000e+13
6.019500000000000455e+02,6.930000000000000000e+13
6.022799999999999727e+02,7.021600000000000000e+13
6.026100000000000136e+02,7.049700000000000000e+13
6.029500000000000455e+02,7.049700000000000000e+13
6.032799999999999727e+02,7.079400000000000000e+13
6.036100000000000136e+02,7.148100000000000000e+13
6.039400000000000546e+02,7.151600000000000000e+13
6.042699999999999818e+02,7.085100000000000000e+13
6.046100000000000136e+02,7.082900000000000000e+13
6.049400000000000546e+02,7.082900000000000000e+13
6.052699999999999818e+02,7.148100000000000000e+13
6.056000000000000227e+02,7.228600000000000000e+13
6.059299999999999500e+02,7.297400000000000000e+13
6.062699999999999818e+02,7.431000000000000000e+13
6.066000000000000227e+02,7.431000000000000000e+13
6.069299999999999500e+02,7.341200000000000000e+13
6.072599999999999909e+02,7.459800000000000000e+13
6.075900000000000318e+02,7.525300000000000000e+13
6.079199999999999591e+02,7.601400000000000000e+13
6.082599999999999909e+02,7.601400000000000000e+13
6.085900000000000318e+02,7.642400000000000000e+13
6.089199999999999591e+02,7.601400000000000000e+13
6.092500000000000000e+02,7.590400000000000000e+13
6.095800000000000409e+02,7.616000000000000000e+13
6.099099999999999682e+02,7.639700000000000000e+13
6.102400000000000091e+02,7.639700000000000000e+13
6.105700000000000500e+02,7.655100000000000000e+13
6.108999999999999773e+02,7.686200000000000000e+13
6.112400000000000091e+02,7.777700000000000000e+13
6.115700000000000500e+02,7.778300000000000000e+13
6.118999999999999773e+02,7.851900000000000000e+13
6.122300000000000182e+02,7.851900000000000000e+13
6.125599999999999454e+02,7.851900000000000000e+13
6.128899999999999864e+02,7.778600000000000000e+13
6.132200000000000273e+02,7.837500000000000000e+13
6.135499999999999545e+02,7.837500000000000000e+13
6.138799999999999955e+02,7.774200000000000000e+13
6.142100000000000364e+02,7.690900000000000000e+13
6.145399999999999636e+02,7.690900000000000000e+13
6.148700000000000045e+02,7.690900000000000000e+13
6.152000000000000455e+02,7.690900000000000000e+13
6.155299999999999727e+02,7.774200000000000000e+13
6.158700000000000045e+02,7.911300000000000000e+13
6.162000000000000455e+02,7.911300000000000000e+13
6.165299999999999727e+02,7.968700000000000000e+13
6.168600000000000136e+02,7.968700000000000000e+13
6.171900000000000546e+02,7.968700000000000000e+13
6.175199999999999818e+02,8.022400000000000000e+13
6.178500000000000227e+02,8.022400000000000000e+13
6.181799999999999500e+02,7.968700000000000000e+13
6.185099999999999909e+02,7.968700000000000000e+13
6.188400000000000318e+02,8.068600000000000000e+13
6.191699999999999591e+02,8.016800000000000000e+13
6.195000000000000000e+02,8.137500000000000000e+13
6.198300000000000409e+02,8.226600000000000000e+13
6.201599999999999682e+02,8.363800000000000000e+13
6.204900000000000091e+02,8.415200000000000000e+13
6.208200000000000500e+02,8.498000000000000000e+13
6.211399999999999864e+02,8.415200000000000000e+13
6.214700000000000273e+02,8.415200000000000000e+13
6.217999999999999545e+02,8.415200000000000000e+13
6.221299999999999955e+02,8.281400000000000000e+13
6.224600000000000364e+02,8.281400000000000000e+13
6.227899999999999636e+02,8.191100000000000000e+13
6.231200000000000045e+02,8.162200000000000000e+13
6.234500000000000455e+02,8.052300000000000000e+13
6.237799999999999727e+02,7.938800000000000000e+13
6.241100000000000136e+02,7.894300000000000000e+13
6.244400000000000546e+02,7.864800000000000000e+13
6.247699999999999818e+02,7.864800000000000000e+13
6.251000000000000227e+02,7.746100000000000000e+13
6.254299999999999500e+02,7.746100000000000000e+13
6.257500000000000000e+02,7.882100000000000000e+13
6.260800000000000409e+02,7.938800000000000000e+13
6.264099999999999682e+02,7.950300000000000000e+13
6.267400000000000091e+02,7.998800000000000000e+13
6.270700000000000500e+02,8.094600000000000000e+13
6.273999999999999773e+02,8.199100000000000000e+13
6.277300000000000182e+02,8.251500000000000000e+13
6.280599999999999454e+02,8.251500000000000000e+13
6.283799999999999955e+02,8.251500000000000000e+13
6.287100000000000364e+02,8.273400000000000000e+13
6.290399999999999636e+02,8.304100000000000000e+13
6.293700000000000045e+02,8.304100000000000000e+13
6.297000000000000455e+02,8.239400000000000000e+13
6.300299999999999727e+02,8.239400000000000000e+13
6.303600000000000136e+02,8.220500000000000000e+13
6.306799999999999500e+02,8.220500000000000000e+13
6.310099999999999909e+02,8.205200000000000000e+13
6.313400000000000318e+02,8.245900000000000000e+13
6.316699999999999591e+02,8.245900000000000000e+13
6.320000000000000000e+02,8.129600000000000000e+13
6.323200000000000500e+02,7.935600000000000000e+13
6.326499999999999773e+02,7.801600000000000000e+13
6.329800000000000182e+02,7.894700000000000000e+13
6.333099999999999454e+02,7.899100000000000000e+13
6.336399999999999864e+02,7.765100000000000000e+13
6.339600000000000364e+02,7.752300000000000000e+13
6.342899999999999636e+02,7.752300000000000000e+13
6.346200000000000045e+02,7.752300000000000000e+13
6.349500000000000455e+02,7.765100000000000000e+13
6.352699999999999818e+02,7.832100000000000000e+13
6.356000000000000227e+02,7.843600000000000000e+13
6.359299999999999500e+02,7.938200000000000000e+13
6.362599999999999909e+02,7.843600000000000000e+13
6.365800000000000409e+02,7.938200000000000000e+13
6.369099999999999682e+02,7.938200000000000000e+13
6.372400000000000091e+02,7.938200000000000000e+13
6.375700000000000500e+02,7.902100000000000000e+13
6.378899999999999864e+02,7.879400000000000000e+13
6.382200000000000273e+02,7.820800000000000000e+13
6.385499999999999545e+02,7.696400000000000000e+13
6.388700000000000045e+02,7.543300000000000000e+13
6.392000000000000455e+02,7.543300000000000000e+13
6.395299999999999727e+02,7.656200000000000000e+13
6.398600000000000136e+02,7.543300000000000000e+13
6.401799999999999500e+02,7.554100000000000000e+13
6.405099999999999909e+02,7.644300000000000000e+13
6.408400000000000318e+02,7.554100000000000000e+13
6.411599999999999682e+02,7.554100000000000000e+13
6.414900000000000091e+02,7.497100000000000000e+13
6.418200000000000500e+02,7.568100000000000000e+13
6.421399999999999864e+02,7.658300000000000000e+13
6.424700000000000273e+02,7.658300000000000000e+13
6.427999999999999545e+02,7.568100000000000000e+13
6.431200000000000045e+02,7.568100000000000000e+13
6.434500000000000455e+02,7.513200000000000000e+13
6.437799999999999727e+02,7.440000000000000000e+13
6.441000000000000227e+02,7.555100000000000000e+13
6.444299999999999500e+02,7.534600000000000000e+13
6.447500000000000000e+02,7.534600000000000000e+13
6.450800000000000409e+02,7.534600000000000000e+13
6.454099999999999682e+02,7.469300000000000000e+13
6.457300000000000182e+02,7.464500000000000000e+13
6.460599999999999454e+02,7.464500000000000000e+13
6.463899999999999864e+02,7.477000000000000000e+13
6.467100000000000364e+02,7.477000000000000000e+13
6.470399999999999636e+02,7.464500000000000000e+13
6.473600000000000136e+02,7.458100000000000000e+13
6.476900000000000546e+02,7.443900000000000000e+13
6.480099999999999909e+02,7.288000000000000000e+13
6.483400000000000318e+02,7.142900000000000000e+13
6.486699999999999591e+02,7.066600000000000000e+13
6.489900000000000091e+02,6.979800000000000000e+13
6.493200000000000500e+02,7.054000000000000000e+13
6.496399999999999864e+02,6.968100000000000000e+13
6.499700000000000273e+02,6.968100000000000000e+13
6.502899999999999636e+02,6.968100000000000000e+13
6.506200000000000045e+02,6.913600000000000000e+13
6.509400000000000546e+02,6.913600000000000000e+13
6.512699999999999818e+02,6.846200000000000000e+13
6.515900000000000318e+02,6.779500000000000000e+13
6.519199999999999591e+02,6.900700000000000000e+13
6.522500000000000000e+02,6.847700000000000000e+13
6.525700000000000500e+02,6.687300000000000000e+13
6.528999999999999773e+02,6.635800000000000000e+13
6.532200000000000273e+02,6.635800000000000000e+13
6.535499999999999545e+02,6.687300000000000000e+13
6.538700000000000045e+02,6.687300000000000000e+13
6.542000000000000455e+02,6.687300000000000000e+13
6.545199999999999818e+02,6.775600000000000000e+13
6.548400000000000318e+02,6.811900000000000000e+13
6.551699999999999591e+02,6.723600000000000000e+13
6.554900000000000091e+02,6.804300000000000000e+13
6.558200000000000500e+02,6.817100000000000000e+13
6.561399999999999864e+02,6.817100000000000000e+13
6.564700000000000273e+02,6.804300000000000000e+13
6.567899999999999636e+02,6.596000000000000000e+13
6.571200000000000045e+02,6.596000000000000000e+13
6.574400000000000546e+02,6.539800000000000000e+13
6.577699999999999818e+02,6.326300000000000000e+13
6.580900000000000318e+02,6.251000000000000000e+13
6.584099999999999682e+02,6.326300000000000000e+13
6.587400000000000091e+02,6.305800000000000000e+13
6.590599999999999454e+02,6.251000000000000000e+13
6.593899999999999864e+02,6.251000000000000000e+13
6.597100000000000364e+02,6.236500000000000000e+13
6.600299999999999727e+02,6.236500000000000000e+13
6.603600000000000136e+02,6.033400000000000000e+13
6.606799999999999500e+02,6.005600000000000000e+13
6.610099999999999909e+02,5.808000000000000000e+13
6.613300000000000409e+02,5.737600000000000000e+13
6.616499999999999773e+02,5.623000000000000000e+13
6.619800000000000182e+02,5.547600000000000000e+13
6.622999999999999545e+02,5.547600000000000000e+13
6.626299999999999955e+02,5.547600000000000000e+13
6.629500000000000455e+02,5.623000000000000000e+13
6.632699999999999818e+02,5.547600000000000000e+13
6.636000000000000227e+02,5.547600000000000000e+13
6.639199999999999591e+02,5.535200000000000000e+13
6.642400000000000091e+02,5.456600000000000000e+13
6.645700000000000500e+02,5.538300000000000000e+13
6.648899999999999864e+02,5.456600000000000000e+13
6.652100000000000364e+02,5.562700000000000000e+13
6.655399999999999636e+02,5.562700000000000000e+13
6.658600000000000136e+02,5.444900000000000000e+13
6.661799999999999500e+02,5.354800000000000000e+13
6.665099999999999909e+02,5.296900000000000000e+13
6.668300000000000409e+02,5.296900000000000000e+13
6.671499999999999773e+02,5.275300000000000000e+13
6.674700000000000273e+02,5.275300000000000000e+13
6.677999999999999545e+02,5.179800000000000000e+13
6.681200000000000045e+02,5.179800000000000000e+13
6.684400000000000546e+02,5.145500000000000000e+13
6.687699999999999818e+02,5.153200000000000000e+13
6.690900000000000318e+02,5.144000000000000000e+13
6.694099999999999682e+02,5.144000000000000000e+13
6.697300000000000182e+02,5.153200000000000000e+13
6.700599999999999454e+02,5.144000000000000000e+13
6.703799999999999955e+02,5.057300000000000000e+13
6.707000000000000455e+02,5.019200000000000000e+13
6.710199999999999818e+02,4.965000000000000000e+13
6.713500000000000227e+02,4.725400000000000000e+13
6.716699999999999591e+02,4.725400000000000000e+13
6.719900000000000091e+02,4.725400000000000000e+13
6.723099999999999454e+02,4.956100000000000000e+13
6.726299999999999955e+02,4.956100000000000000e+13
6.729600000000000364e+02,4.794700000000000000e+13
6.732799999999999727e+02,4.823300000000000000e+13
6.736000000000000227e+02,4.956100000000000000e+13
6.739199999999999591e+02,4.925900000000000000e+13
6.742400000000000091e+02,4.879200000000000000e+13
6.745700000000000500e+02,4.879200000000000000e+13
6.748899999999999864e+02,4.879200000000000000e+13
6.752100000000000364e+02,4.748100000000000000e+13
6.755299999999999727e+02,4.673400000000000000e+13
6.758500000000000227e+02,4.610000000000000000e+13
6.761699999999999591e+02,4.610000000000000000e+13
6.765000000000000000e+02,4.546100000000000000e+13
6.768200000000000500e+02,4.446200000000000000e+13
6.771399999999999864e+02,4.446200000000000000e+13
6.774600000000000364e+02,4.347600000000000000e+13
6.777799999999999727e+02,4.425900000000000000e+13
6.781000000000000227e+02,4.309200000000000000e+13
6.784199999999999591e+02,4.132500000000000000e+13
6.787500000000000000e+02,4.015900000000000000e+13
6.790700000000000500e+02,4.015900000000000000e+13
6.793899999999999864e+02,4.015900000000000000e+13
6.797100000000000364e+02,4.015900000000000000e+13
6.800299999999999727e+02,4.056600000000000000e+13
6.803500000000000227e+02,3.979000000000000000e+13
6.806699999999999591e+02,3.959600000000000000e+13
6.809900000000000091e+02,3.873100000000000000e+13
6.813099999999999454e+02,3.959600000000000000e+13
6.816299999999999955e+02,4.006000000000000000e+13
6.819600000000000364e+02,4.083600000000000000e+13
6.822799999999999727e+02,4.083600000000000000e+13
6.826000000000000227e+02,4.083600000000000000e+13
6.829199999999999591e+02,4.083600000000000000e+13
6.832400000000000091e+02,3.919000000000000000e+13
6.835599999999999454e+02,4.103300000000000000e+13
6.838799999999999955e+02,4.107900000000000000e+13
6.842000000000000455e+02,4.107900000000000000e+13
6.845199999999999818e+02,4.107900000000000000e+13
6.848400000000000318e+02,4.107900000000000000e+13
6.851599999999999682e+02,3.937100000000000000e+13
6.854800000000000182e+02,3.937100000000000000e+13
6.857999999999999545e+02,3.937100000000000000e+13
6.861200000000000045e+02,3.937100000000000000e+13
6.864400000000000546e+02,3.937100000000000000e+13
6.867599999999999909e+02,3.574500000000000000e+13
6.870800000000000409e+02,3.235200000000000000e+13
6.873999999999999773e+02,3.235200000000000000e+13
6.877200000000000273e+02,3.235200000000000000e+13
6.880399999999999636e+02,3.235200000000000000e+13
6.883600000000000136e+02,3.035200000000000000e+13
6.886799999999999500e+02,2.913400000000000000e+13
6.890000000000000000e+02,2.913400000000000000e+13
6.893200000000000500e+02,2.913400000000000000e+13
6.896399999999999864e+02,2.995100000000000000e+13
6.899600000000000364e+02,2.995100000000000000e+13
6.902799999999999727e+02,2.995100000000000000e+13
6.906000000000000227e+02,3.045800000000000000e+13
6.909199999999999591e+02,3.045800000000000000e+13
6.912400000000000091e+02,3.045800000000000000e+13
6.915599999999999454e+02,3.143900000000000000e+13
6.918799999999999955e+02,3.143900000000000000e+13
6.921900000000000546e+02,3.045800000000000000e+13
6.925099999999999909e+02,3.130100000000000000e+13
6.928300000000000409e+02,3.008300000000000000e+13
6.931499999999999773e+02,3.201100000000000000e+13
6.934700000000000273e+02,3.201100000000000000e+13
6.937899999999999636e+02,3.178000000000000000e+13
6.941100000000000136e+02,2.985200000000000000e+13
6.944299999999999500e+02,2.689500000000000000e+13
6.947500000000000000e+02,2.626000000000000000e+13
6.950599999999999454e+02,2.626000000000000000e+13
6.953799999999999955e+02,2.805800000000000000e+13
6.957000000000000455e+02,2.572100000000000000e+13
6.960199999999999818e+02,2.572100000000000000e+13
6.963400000000000318e+02,2.511000000000000000e+13
6.966599999999999682e+02,2.511000000000000000e+13
6.969800000000000182e+02,2.511000000000000000e+13
6.972899999999999636e+02,2.511000000000000000e+13
6.976100000000000136e+02,2.693000000000000000e+13
6.979299999999999500e+02,2.693000000000000000e+13
6.982500000000000000e+02,2.511000000000000000e+13
6.985700000000000500e+02,2.511000000000000000e+13
6.988899999999999864e+02,2.294600000000000000e+13
6.992000000000000455e+02,2.294600000000000000e+13
6.995199999999999818e+02,2.355500000000000000e+13
6.998400000000000318e+02,2.355500000000000000e+13
7.001599999999999682e+02,2.355500000000000000e+13
7.004800000000000182e+02,2.355500000000000000e+13
7.007899999999999636e+02,2.075300000000000000e+13
7.011100000000000136e+02,2.057300000000000000e+13
7.014299999999999500e+02,2.175500000000000000e+13
7.017500000000000000e+02,2.175500000000000000e+13
7.020700000000000500e+02,2.175500000000000000e+13
7.023799999999999955e+02,2.206200000000000000e+13
7.027000000000000455e+02,2.206200000000000000e+13
7.030199999999999818e+02,2.206200000000000000e+13
7.033400000000000318e+02,2.258300000000000000e+13
7.036499999999999773e+02,2.366300000000000000e+13
7.039700000000000273e+02,2.632500000000000000e+13
7.042899999999999636e+02,2.632500000000000000e+13
7.046100000000000136e+02,2.632500000000000000e+13
7.049199999999999591e+02,2.632500000000000000e+13
7.052400000000000091e+02,2.632500000000000000e+13
7.055599999999999454e+02,2.632500000000000000e+13
7.058700000000000045e+02,2.413200000000000000e+13
7.061900000000000546e+02,2.084400000000000000e+13
7.065099999999999909e+02,1.767900000000000000e+13
7.068200000000000500e+02,1.658700000000000000e+13
7.071399999999999864e+02,1.390700000000000000e+13
7.074600000000000364e+02,1.490400000000000000e+13
7.077799999999999727e+02,1.499900000000000000e+13
7.080900000000000318e+02,1.219200000000000000e+13
7.084099999999999682e+02,1.634000000000000000e+13
7.087300000000000182e+02,1.634000000000000000e+13
7.090399999999999636e+02,1.219200000000000000e+13
7.093600000000000136e+02,1.618200000000000000e+13
7.096799999999999500e+02,2.029700000000000000e+13
7.099900000000000091e+02,2.029700000000000000e+13
7.103099999999999454e+02,2.029700000000000000e+13
7.106200000000000045e+02,1.946700000000000000e+13
7.109400000000000546e+02,1.840300000000000000e+13
7.112599999999999909e+02,1.840300000000000000e+13
7.115700000000000500e+02,1.213800000000000000e+13
7.118899999999999864e+02,1.213800000000000000e+13
7.122100000000000364e+02,1.840300000000000000e+13
7.125199999999999818e+02,1.840300000000000000e+13
7.128400000000000318e+02,1.501700000000000000e+13
7.131499999999999773e+02,1.540800000000000000e+13
7.134700000000000273e+02,1.987700000000000000e+13
7.137899999999999636e+02,1.649100000000000000e+13
7.141000000000000227e+02,1.671300000000000000e+13
7.144199999999999591e+02,2.123900000000000000e+13
7.147300000000000182e+02,2.123900000000000000e+13
7.150499999999999545e+02,2.035700000000000000e+13
7.153600000000000136e+02,2.035700000000000000e+13
7.156799999999999500e+02,2.035700000000000000e+13
7.159900000000000091e+02,2.035700000000000000e+13
7.163099999999999454e+02,1.869800000000000000e+13
7.166299999999999955e+02,1.555900000000000000e+13
7.169400000000000546e+02,1.804700000000000000e+13
7.172599999999999909e+02,1.910400000000000000e+13
7.175700000000000500e+02,1.804700000000000000e+13
7.178899999999999864e+02,1.910400000000000000e+13
7.182000000000000455e+02,2.104000000000000000e+13
7.185199999999999818e+02,2.104000000000000000e+13
7.188300000000000409e+02,1.917400000000000000e+13
7.191499999999999773e+02,1.917400000000000000e+13
7.194600000000000364e+02,1.948000000000000000e+13
7.197799999999999727e+02,1.948000000000000000e+13
7.200900000000000318e+02,1.948000000000000000e+13
7.204099999999999682e+02,1.948000000000000000e+13
7.207200000000000273e+02,1.948000000000000000e+13
7.210399999999999636e+02,1.948000000000000000e+13
7.213500000000000227e+02,1.735400000000000000e+13
7.216699999999999591e+02,1.513100000000000000e+13
7.219800000000000182e+02,1.513100000000000000e+13
7.222899999999999636e+02,1.735400000000000000e+13
7.226100000000000136e+02,1.698800000000000000e+13
7.229199999999999591e+02,1.891700000000000000e+13
7.232400000000000091e+02,2.138400000000000000e+13
7.235499999999999545e+02,1.891700000000000000e+13
7.238700000000000045e+02,1.891700000000000000e+13
7.241799999999999500e+02,1.891700000000000000e+13
7.245000000000000000e+02,1.899500000000000000e+13
7.248099999999999454e+02,2.138400000000000000e+13
7.251200000000000045e+02,2.092600000000000000e+13
7.254400000000000546e+02,2.248700000000000000e+13
7.257500000000000000e+02,2.248700000000000000e+13
7.260700000000000500e+02,2.044200000000000000e+13
7.263799999999999955e+02,1.851100000000000000e+13
7.266900000000000546e+02,1.851100000000000000e+13
7.270099999999999909e+02,1.851100000000000000e+13
7.273200000000000500e+02,1.832000000000000000e+13
7.276299999999999955e+02,1.834400000000000000e+13
7.279500000000000455e+02,1.782300000000000000e+13
7.282599999999999909e+02,1.560000000000000000e+13
7.285800000000000409e+02,1.516100000000000000e+13
7.288899999999999864e+02,1.705400000000000000e+13
7.292000000000000455e+02,1.516100000000000000e+13
7.295199999999999818e+02,1.307800000000000000e+13
7.298300000000000409e+02,1.037500000000000000e+13
7.301399999999999864e+02,1.037500000000000000e+13
7.304600000000000364e+02,1.376100000000000000e+13
7.307699999999999818e+02,1.376100000000000000e+13
7.310800000000000409e+02,1.043000000000000000e+13
7.313899999999999864e+02,1.400800000000000000e+13
7.317100000000000364e+02,1.043000000000000000e+13
7.320199999999999818e+02,1.043000000000000000e+13
7.323300000000000409e+02,1.400800000000000000e+13
7.326499999999999773e+02,1.400800000000000000e+13
7.329600000000000364e+02,1.400800000000000000e+13
7.332699999999999818e+02,1.477500000000000000e+13
7.335900000000000318e+02,1.662900000000000000e+13
7.338999999999999773e+02,9.257600000000000000e+12
7.342100000000000364e+02,1.260500000000000000e+13
7.345199999999999818e+02,1.260500000000000000e+13
7.348400000000000318e+02,1.753200000000000000e+13
7.351499999999999773e+02,1.340200000000000000e+13
7.354600000000000364e+02,1.340200000000000000e+13
7.357699999999999818e+02,1.340200000000000000e+13
7.360900000000000318e+02,1.340200000000000000e+13
7.363999999999999773e+02,1.768300000000000000e+13
7.367100000000000364e+02,1.781700000000000000e+13
7.370199999999999818e+02,1.781700000000000000e+13
7.373300000000000409e+02,1.781700000000000000e+13
7.376499999999999773e+02,1.781700000000000000e+13
7.379600000000000364e+02,1.782300000000000000e+13
7.382699999999999818e+02,1.460300000000000000e+13
7.385800000000000409e+02,8.117000000000000000e+12
7.388899999999999864e+02,8.117000000000000000e+12
7.392100000000000364e+02,8.117000000000000000e+12
7.395199999999999818e+02,3.496000000000000000e+12
7.398300000000000409e+02,2.364600000000000000e+12
7.401399999999999864e+02,2.364600000000000000e+12
7.404500000000000455e+02,3.498600000000000000e+12
7.407599999999999909e+02,2.364600000000000000e+12
7.410800000000000409e+02,1.852000000000000000e+12
7.413899999999999864e+02,1.852000000000000000e+12
7.417000000000000455e+02,1.852000000000000000e+12
7.420099999999999909e+02,1.852000000000000000e+12
7.423200000000000500e+02,2.364600000000000000e+12
7.426299999999999955e+02,4.602800000000000000e+12
7.429400000000000546e+02,7.979600000000000000e+12
7.432599999999999909e+02,7.979600000000000000e+12
7.435700000000000500e+02,5.231500000000000000e+12
7.438799999999999955e+02,9.205200000000000000e+12
7.441900000000000546e+02,9.205200000000000000e+12
7.445000000000000000e+02,8.245700000000000000e+12
7.448099999999999454e+02,8.245700000000000000e+12
7.451200000000000045e+02,8.431600000000000000e+12
7.454299999999999500e+02,7.556500000000000000e+12
7.457400000000000091e+02,7.556500000000000000e+12
7.460499999999999545e+02,7.556500000000000000e+12
7.463600000000000136e+02,9.345800000000000000e+12
7.466699999999999591e+02,9.345800000000000000e+12
7.469900000000000091e+02,9.345800000000000000e+12
7.472999999999999545e+02,1.100000000000000000e+13
7.476100000000000136e+02,1.149800000000000000e+13
7.479199999999999591e+02,1.149800000000000000e+13
7.482300000000000182e+02,1.149800000000000000e+13
7.485399999999999636e+02,1.340000000000000000e+13
7.488500000000000227e+02,1.206300000000000000e+13
7.491599999999999682e+02,1.351700000000000000e+13
7.494700000000000273e+02,1.161500000000000000e+13
7.497799999999999727e+02,1.351700000000000000e+13
7.500900000000000318e+02,1.404900000000000000e+13
7.503999999999999773e+02,1.271200000000000000e+13
7.507100000000000364e+02,1.155700000000000000e+13
7.510199999999999818e+02,1.155700000000000000e+13
7.513300000000000409e+02,1.271200000000000000e+13
7.516399999999999864e+02,1.271200000000000000e+13
7.519500000000000455e+02,9.820700000000000000e+12
7.522599999999999909e+02,9.820700000000000000e+12
7.525700000000000500e+02,9.397900000000000000e+12
7.528799999999999955e+02,5.421200000000000000e+12
7.531900000000000546e+02,0.000000000000000000e+00
7.535000000000000000e+02,0.000000000000000000e+00
7.538099999999999454e+02,0.000000000000000000e+00
7.541100000000000136e+02,7.730600000000000000e+12
7.544199999999999591e+02,7.730600000000000000e+12
7.547300000000000182e+02,0.000000000000000000e+00
7.550399999999999636e+02,5.763100000000000000e+11
7.553500000000000227e+02,0.000000000000000000e+00
7.556599999999999682e+02,0.000000000000000000e+00
7.559700000000000273e+02,9.047100000000000000e+12
7.562799999999999727e+02,9.047100000000000000e+12
7.565900000000000318e+02,0.000000000000000000e+00
7.568999999999999773e+02,9.047100000000000000e+12
7.572100000000000364e+02,0.000000000000000000e+00
7.575199999999999818e+02,0.000000000000000000e+00
7.578200000000000500e+02,1.589500000000000000e+12
7.581299999999999955e+02,0.000000000000000000e+00
7.584400000000000546e+02,5.242900000000000000e+12
7.587500000000000000e+02,2.331400000000000000e+12
7.590599999999999454e+02,0.000000000000000000e+00
7.593700000000000045e+02,2.331400000000000000e+12
7.596799999999999500e+02,4.122900000000000000e+12
7.599800000000000182e+02,4.122900000000000000e+12
7.602899999999999636e+02,4.122900000000000000e+12
7.606000000000000227e+02,7.058800000000000000e+12
7.609099999999999682e+02,7.058800000000000000e+12
7.612200000000000273e+02,1.461400000000000000e+13
7.615299999999999727e+02,1.461400000000000000e+13
7.618300000000000409e+02,1.852700000000000000e+13
7.621399999999999864e+02,1.852700000000000000e+13
7.624500000000000455e+02,1.852700000000000000e+13
7.627599999999999909e+02,1.852700000000000000e+13
7.630700000000000500e+02,1.779200000000000000e+12
7.633700000000000045e+02,1.852700000000000000e+13
7.636799999999999500e+02,1.111100000000000000e+13
7.639900000000000091e+02,1.074700000000000000e+13
7.642999999999999545e+02,8.141200000000000000e+12
7.646000000000000227e+02,8.141200000000000000e+12
7.649099999999999682e+02,2.004000000000000000e+12
7.652200000000000273e+02,8.141200000000000000e+12
7.655299999999999727e+02,8.141200000000000000e+12
7.658400000000000318e+02,8.141200000000000000e+12
7.661399999999999864e+02,8.141200000000000000e+12
7.664500000000000455e+02,4.192300000000000000e+12
7.667599999999999909e+02,3.593500000000000000e+10
7.670599999999999454e+02,0.000000000000000000e+00
7.673700000000000045e+02,0.000000000000000000e+00
7.676799999999999500e+02,0.000000000000000000e+00
7.679900000000000091e+02,0.000000000000000000e+00
7.682899999999999636e+02,0.000000000000000000e+00
7.686000000000000227e+02,0.000000000000000000e+00
7.689099999999999682e+02,0.000000000000000000e+00
7.692100000000000364e+02,0.000000000000000000e+00
7.695199999999999818e+02,0.000000000000000000e+00
7.698300000000000409e+02,5.912300000000000000e+12
7.701299999999999955e+02,1.476200000000000000e+12
7.704400000000000546e+02,1.252300000000000000e+13
7.707500000000000000e+02,0.000000000000000000e+00
7.710499999999999545e+02,1.004000000000000000e+13
7.713600000000000136e+02,1.004000000000000000e+13
7.716699999999999591e+02,0.000000000000000000e+00
7.719700000000000273e+02,1.004000000000000000e+13
7.722799999999999727e+02,1.004000000000000000e+13
7.725900000000000318e+02,1.004000000000000000e+13
7.728899999999999864e+02,1.004000000000000000e+13
7.732000000000000455e+02,1.004000000000000000e+13
7.735099999999999909e+02,2.036700000000000000e+12
7.738099999999999454e+02,2.036700000000000000e+12
7.741200000000000045e+02,0.000000000000000000e+00
7.744199999999999591e+02,0.000000000000000000e+00
7.747300000000000182e+02,0.000000000000000000e+00
7.750399999999999636e+02,0.000000000000000000e+00
7.753400000000000318e+02,0.000000000000000000e+00
7.756499999999999773e+02,0.000000000000000000e+00
7.759500000000000455e+02,0.000000000000000000e+00
7.762599999999999909e+02,0.000000000000000000e+00
7.765599999999999454e+02,0.000000000000000000e+00
7.768700000000000045e+02,0.000000000000000000e+00
7.771799999999999500e+02,0.000000000000000000e+00
7.774800000000000182e+02,0.000000000000000000e+00
7.777899999999999636e+02,0.000000000000000000e+00
7.780900000000000318e+02,0.000000000000000000e+00
7.783999999999999773e+02,0.000000000000000000e+00
7.787000000000000455e+02,0.000000000000000000e+00
7.790099999999999909e+02,0.000000000000000000e+00
7.793099999999999454e+02,0.000000000000000000e+00
7.796200000000000045e+02,0.000000000000000000e+00
7.799199999999999591e+02,0.000000000000000000e+00
7.802300000000000182e+02,0.000000000000000000e+00
7.805299999999999727e+02,0.000000000000000000e+00
7.808400000000000318e+02,0.000000000000000000e+00
7.811399999999999864e+02,0.000000000000000000e+00
7.814500000000000455e+02,0.000000000000000000e+00
7.817500000000000000e+02,0.000000000000000000e+00
7.820599999999999454e+02,5.819300000000000000e+12
7.823600000000000136e+02,1.168400000000000000e+12
7.826699999999999591e+02,0.000000000000000000e+00
7.829700000000000273e+02,1.168400000000000000e+12
7.832799999999999727e+02,0.000000000000000000e+00
7.835800000000000409e+02,0.000000000000000000e+00
7.838899999999999864e+02,0.000000000000000000e+00
7.841900000000000546e+02,0.000000000000000000e+00
7.844900000000000091e+02,0.000000000000000000e+00
7.847999999999999545e+02,0.000000000000000000e+00
7.851000000000000227e+02,0.000000000000000000e+00
7.854099999999999682e+02,0.000000000000000000e+00
7.857100000000000364e+02,0.000000000000000000e+00
7.860199999999999818e+02,0.000000000000000000e+00
7.863200000000000500e+02,0.000000000000000000e+00
7.866200000000000045e+02,0.000000000000000000e+00
7.869299999999999500e+02,0.000000000000000000e+00
7.872300000000000182e+02,0.000000000000000000e+00
7.875399999999999636e+02,0.000000000000000000e+00
7.878400000000000318e+02,0.000000000000000000e+00
7.881399999999999864e+02,0.000000000000000000e+00
7.884500000000000455e+02,1.362600000000000000e+13
7.887500000000000000e+02,2.561500000000000000e+13
7.890499999999999545e+02,4.835500000000000000e+12
7.893600000000000136e+02,6.697600000000000000e+12
7.896599999999999682e+02,2.216800000000000000e+12
7.899600000000000364e+02,8.238300000000000000e+12
7.902699999999999818e+02,1.091700000000000000e+13
7.905700000000000500e+02,1.091700000000000000e+13
7.908700000000000045e+02,8.238300000000000000e+12
7.911799999999999500e+02,3.042800000000000000e+12
7.914800000000000182e+02,3.042800000000000000e+12
7.917799999999999727e+02,9.191400000000000000e+11
7.920900000000000318e+02,5.738900000000000000e+12
7.923899999999999864e+02,5.738900000000000000e+12
7.926900000000000546e+02,4.109700000000000000e+12
7.930000000000000000e+02,4.109700000000000000e+12
7.932999999999999545e+02,9.191400000000000000e+11
7.936000000000000227e+02,0.000000000000000000e+00
7.938999999999999773e+02,0.000000000000000000e+00
7.942100000000000364e+02,0.000000000000000000e+00
7.945099999999999909e+02,0.000000000000000000e+00
7.948099999999999454e+02,0.000000000000000000e+00
7.951100000000000136e+02,0.000000000000000000e+00
7.954199999999999591e+02,0.000000000000000000e+00
7.957200000000000273e+02,0.000000000000000000e+00
7.960199999999999818e+02,0.000000000000000000e+00
7.963200000000000500e+02,0.000000000000000000e+00
7.966299999999999955e+02,0.000000000000000000e+00
7.969299999999999500e+02,0.000000000000000000e+00
7.972300000000000182e+02,0.000000000000000000e+00
7.975299999999999727e+02,0.000000000000000000e+00
7.978400000000000318e+02,0.000000000000000000e+00
7.981399999999999864e+02,0.000000000000000000e+00
7.984400000000000546e+02,0.000000000000000000e+00
7.987400000000000091e+02,0.000000000000000000e+00
7.990399999999999636e+02,0.000000000000000000e+00
7.993400000000000318e+02,0.000000000000000000e+00
7.996499999999999773e+02,0.000000000000000000e+00
7.999500000000000455e+02,0.000000000000000000e+00
